student_id,age,gender,education_level,avg_sleep_hours,screen_time_hours,social_media_hours,study_hours_per_day,exercise_hours_per_week,caffeine_drinks_per_day,stress_level,anxiety_score,gpa,uses_sleep_app,feels_burned_out
1,21,Non-binary,High School,8,4.9,3.7,5,4.8,1,7,7,3.35,FALSE,TRUE
2,19,Female,Undergraduate,7.3,7.7,5.3,2.8,4.2,1,8,8,2.81,TRUE,TRUE
3,19,Male,Undergraduate,6.1,7.3,3.6,3.6,5.8,1,8,10,3.01,TRUE,TRUE
4,16,Male,High School,6.2,7.4,4,0.4,2,4,9,10,2.76,FALSE,TRUE
5,20,Male,Graduate,5.6,12.5,8.3,2.6,6.2,3,10,10,2.67,FALSE,TRUE
6,19,Male,High School,6.4,5,0.7,4.6,5.3,1,7,,3.24,TRUE,TRUE
7,18,Male,Undergraduate,7.7,3.3,1.5,5.1,4.6,1,8,,3.19,FALSE,TRUE
8,20,Male,Graduate,7.8,8.4,4.9,5,4.7,0,6,5,3.85,TRUE,FALSE
9,21,Male,Graduate,7.7,4.6,1.2,5,8.3,1,5,3,3.47,FALSE,FALSE
10,18,Male,High School,8.8,5.3,2.5,2.1,6.3,1,8,7,3.51,TRUE,TRUE
11,24,Female,High School,8.8,3.8,2.5,6.6,1.9,1,5,4,4,TRUE,FALSE
12,17,Male,High School,7.6,7,3.6,4.2,2.1,3,7,8,3.21,FALSE,TRUE
13,19,Female,High School,7.3,11.6,7.5,2.1,5.9,0,8,9,2.88,FALSE,TRUE
14,20,Female,Undergraduate,6.9,7.6,3.9,2.9,3.7,1,9,7,2.53,FALSE,TRUE
15,15,Prefer not to say,Graduate,7.4,5.8,2.7,1.8,4.1,1,6,6,3.83,TRUE,FALSE
16,18,Female,High School,7.3,5.6,2.9,5,3,0,8,9,3.46,FALSE,TRUE
17,22,Female,Undergraduate,7.3,5.9,3.4,4.3,2.5,6,5,3,3.96,TRUE,FALSE
18,19,Male,High School,6.1,5.4,1.2,3.5,5,3,6,8,3.41,FALSE,FALSE
19,20,Male,Undergraduate,6.6,8.2,4.9,3.8,3.9,4,7,8,3.31,TRUE,TRUE
20,15,Male,Undergraduate,8.9,7.3,2.6,4.7,0.5,2,7,8,3.63,TRUE,TRUE
21,19,Male,High School,7.2,5.7,3,3.3,2.1,4,4,6,3.6,TRUE,FALSE
22,16,Male,Undergraduate,8.1,5.8,1.3,1,6.1,1,6,8,3.72,FALSE,FALSE
23,18,Female,Undergraduate,7.5,5.2,3.7,5,2.7,4,7,6,3.19,TRUE,TRUE
24,17,Male,High School,7.1,4.9,1.1,0.7,3.2,0,9,8,2.92,TRUE,TRUE
25,25,Female,Undergraduate,8.7,3.4,2.8,4.5,6.6,1,5,4,3.46,TRUE,FALSE
26,19,Male,Undergraduate,6.5,5.6,3.4,4.5,4.4,1,5,3,3.05,TRUE,FALSE
27,20,Female,Undergraduate,9.5,3.6,2.2,3,3.6,1,6,5,3.26,FALSE,FALSE
28,18,Prefer not to say,High School,8.3,4.5,3.8,2.4,0,3,8,7,3.45,FALSE,TRUE
29,21,Male,Undergraduate,6.3,9.1,3.7,1.5,4.7,5,7,8,2.4,FALSE,TRUE
30,16,Male,Undergraduate,7.6,6.8,3.3,2.6,1,1,10,10,3,FALSE,TRUE
31,17,Male,Undergraduate,6.7,7.2,4.8,0.7,4.9,1,9,7,3,TRUE,TRUE
32,21,Prefer not to say,High School,7.7,4.7,4.8,3,0,0,6,8,3.63,FALSE,FALSE
33,18,Male,Graduate,8.2,6.5,4,4.5,0.6,2,9,8,3.06,TRUE,TRUE
34,21,Female,High School,7.9,6.4,2.8,0.6,4.2,1,8,8,3.65,FALSE,TRUE
35,14,Male,Graduate,8.1,7.8,4.1,2.9,6.7,1,6,5,3.58,FALSE,FALSE
36,18,Female,Undergraduate,7.9,6.9,5.1,4.8,0,1,8,7,3.22,FALSE,TRUE
37,24,Female,Undergraduate,7.7,6.5,4.6,5.2,4.2,1,4,3,3.53,FALSE,FALSE
38,26,Male,Graduate,6.8,4.6,0.3,3.5,4.4,3,7,6,3.06,FALSE,TRUE
39,19,Female,High School,7.2,4.9,2.8,0.5,6.3,0,7,9,3.7,FALSE,TRUE
40,18,Male,High School,7.5,5,3.4,1.5,5.2,2,8,6,3.66,FALSE,TRUE
41,21,Male,High School,5.9,4.2,2.2,1.5,2,3,8,9,3.54,TRUE,TRUE
42,20,Female,Graduate,6.9,7.4,3.1,4.4,0.8,0,8,9,3.24,FALSE,TRUE
43,16,Female,High School,7.4,6.6,5.5,4.4,1.1,2,9,8,3.04,FALSE,TRUE
44,21,Female,High School,8,5.8,2.8,2.3,0,3,8,7,3.15,FALSE,TRUE
45,18,Female,Undergraduate,6,6.8,5,3.9,0.7,1,9,9,2.99,FALSE,TRUE
46,21,Female,Graduate,7.3,4.4,1.8,1.4,8.1,1,6,6,3.08,FALSE,FALSE
47,23,Male,Graduate,7.8,4.4,2.3,2.7,9.5,0,5,6,3.83,TRUE,FALSE
48,18,Female,Undergraduate,9.5,4.4,2.3,3,1.3,1,3,1,3.58,FALSE,FALSE
49,17,Male,High School,8,7.9,5.2,3.3,2.9,6,8,7,3.31,TRUE,TRUE
50,21,Female,Undergraduate,6.4,8.5,4.3,1.4,6.9,2,6,8,3.79,TRUE,FALSE
51,23,Female,Undergraduate,8.2,5.9,3.3,3.8,2,1,5,6,3.84,FALSE,FALSE
52,22,Male,Undergraduate,5.8,9.2,3,0.7,9,0,8,8,3.36,TRUE,TRUE
53,15,Male,Graduate,6.1,7.1,3.5,1.4,6.8,2,7,5,3.29,TRUE,TRUE
54,17,Male,High School,7.1,5.6,0.4,2.1,3.9,1,7,9,3.61,TRUE,TRUE
55,20,Female,Undergraduate,7.2,7,3.5,4.5,4.2,3,9,7,2.54,TRUE,TRUE
56,18,Male,Undergraduate,6.8,8.8,4.5,3.8,6.7,1,10,8,2.96,FALSE,TRUE
57,22,Male,Undergraduate,8.2,8,4.9,1.8,3.5,2,5,6,3.58,FALSE,FALSE
58,18,Female,Undergraduate,6.7,4.9,2.7,3.5,0,1,8,6,2.44,FALSE,TRUE
59,23,Female,Undergraduate,8.5,6.2,5.2,4.6,2.9,0,7,7,3.32,TRUE,TRUE
60,17,Female,Undergraduate,9,5.7,4.4,6,7,4,6,,3.46,TRUE,FALSE
61,19,Female,High School,9.6,3,3,4,2.8,1,6,4,3.97,FALSE,FALSE
62,15,Male,High School,9.4,4.2,3.6,4,5,0,6,5,3.39,FALSE,FALSE
63,14,Male,High School,6.5,8.1,4.5,1.7,2.9,1,9,,2.68,FALSE,TRUE
64,25,Female,High School,8.1,6.6,2.9,3.6,6.5,4,10,,3.05,TRUE,TRUE
65,22,Female,Undergraduate,8.6,6.1,3.8,3.3,4.3,1,9,9,3.35,FALSE,TRUE
66,23,Male,Graduate,7.5,7,2.4,2.6,6.4,1,4,6,3.88,FALSE,FALSE
67,15,Female,High School,7.1,6.9,5.7,1.1,3.4,6,7,5,3.05,FALSE,TRUE
68,21,Male,Undergraduate,5.9,7.9,2.2,1.9,5.8,3,6,,2.96,FALSE,FALSE
69,25,Female,Undergraduate,8.6,8.6,5,2.1,2.1,1,9,,3.35,FALSE,TRUE
70,20,Male,Undergraduate,6.9,5.3,3,4.6,5.1,1,7,6,2.91,TRUE,TRUE
71,23,Male,Undergraduate,8.2,7.4,4.7,2.6,5.6,1,7,6,2.72,TRUE,TRUE
72,24,Non-binary,Undergraduate,7.2,5.2,3.5,2.4,6.8,0,7,6,3.15,FALSE,TRUE
73,18,Male,High School,9.1,3.3,2.3,0.9,3,2,7,9,3.78,FALSE,TRUE
74,22,Female,Undergraduate,6.3,8,5,3.6,3.2,0,6,7,3.19,TRUE,FALSE
75,23,Male,Undergraduate,7.8,5.3,3.5,4.5,0,0,5,5,3.61,TRUE,FALSE
76,19,Male,Undergraduate,8,5.8,1.5,0.6,6.3,1,7,8,3.42,TRUE,TRUE
77,14,Female,Undergraduate,8.3,5,3.3,2.6,,4,7,6,3.6,FALSE,TRUE
78,21,Female,Undergraduate,6.3,6.3,2.7,3.5,,5,8,8,3.6,FALSE,TRUE
79,17,Male,Undergraduate,7.3,4.1,1.7,5.5,3.6,2,5,6,3.29,FALSE,FALSE
80,19,Male,High School,6.5,8.3,5.7,2.3,,1,7,5,3.16,FALSE,TRUE
81,19,Female,Undergraduate,7.4,8.2,3.5,4.8,6,2,8,10,3.09,TRUE,TRUE
82,18,Male,Graduate,8,7.4,5,2.1,5.9,1,6,4,2.92,TRUE,FALSE
83,22,Male,High School,6.5,7.4,2.2,4.9,,0,8,9,2.94,FALSE,TRUE
84,19,Female,Undergraduate,7,7,3.1,2.2,5.8,1,6,6,3.29,TRUE,FALSE
85,22,Male,High School,6.2,4.7,2.3,3.2,,2,6,4,3.43,FALSE,FALSE
86,17,Female,Undergraduate,7.3,5.6,3.6,4.1,4.3,0,7,9,3.63,FALSE,TRUE
87,22,Male,Graduate,7.5,8.9,5.1,0,8.4,0,7,5,3.52,FALSE,TRUE
88,17,Male,Undergraduate,8.8,2.7,2.1,0,2.9,3,7,7,3.53,TRUE,TRUE
89,19,Female,Undergraduate,6.7,6.2,6.1,4.4,5.2,4,6,6,2.79,FALSE,FALSE
90,19,Male,Undergraduate,7.4,7.1,3.9,4.7,4.2,0,5,7,3.68,FALSE,FALSE
91,24,Female,Graduate,6.9,5.1,3.2,5.1,2.6,3,8,8,3.05,TRUE,TRUE
92,16,Female,High School,6.6,7.2,5.1,4.3,3.1,3,8,7,3.09,FALSE,TRUE
93,18,Male,Undergraduate,9,4.9,3,3.9,1.1,2,4,6,3.53,FALSE,FALSE
94,20,Female,Undergraduate,7.7,5.4,1.6,2.9,2.7,2,8,10,3.15,FALSE,TRUE
95,19,Female,Undergraduate,6.9,8.1,3.2,3,6.5,1,5,5,3.85,FALSE,FALSE
96,22,Female,Undergraduate,7.8,6.4,4.2,3.6,4.9,0,7,8,3.6,FALSE,TRUE
97,16,Female,Graduate,7.9,6.2,3.9,0.4,4.6,0,5,4,2.53,FALSE,FALSE
98,23,Female,Undergraduate,7.2,8.3,4.8,3.4,8.1,0,7,7,3.39,FALSE,TRUE
99,18,Male,Undergraduate,8.2,6,4.2,3.4,6.9,2,5,7,3.28,TRUE,FALSE
100,19,Female,High School,5,8.9,4.5,3.4,3.6,1,8,9,3.18,FALSE,TRUE
101,19,Male,High School,7,8.6,3.1,0.4,0.1,2,7,6,2.52,FALSE,TRUE
102,26,Male,Graduate,8.3,6,4.1,3.7,2.1,5,7,8,3.2,FALSE,TRUE
103,19,Female,Graduate,8,5.5,2.4,1.9,0,0,10,8,3.14,TRUE,TRUE
104,20,Male,Undergraduate,6.1,7.6,,3.7,2.9,3,9,9,2.65,TRUE,TRUE
105,18,Male,High School,6.9,8.9,,5.5,7.5,0,8,7,3.34,TRUE,TRUE
106,24,Male,Undergraduate,7.9,5.9,,3.3,0.4,2,8,9,2.89,FALSE,TRUE
107,21,Female,Undergraduate,6.2,10.2,,2.3,4.9,1,10,9,3.12,TRUE,TRUE
108,17,Female,High School,7.9,7.4,4,1.1,1.5,0,8,10,3.51,FALSE,TRUE
109,19,Male,Undergraduate,6.8,6.3,2.6,3.7,2.9,2,8,10,2.88,FALSE,TRUE
110,21,Male,High School,8,3.8,2.3,3.4,5.6,2,3,3,3.72,FALSE,FALSE
111,18,Male,High School,8.9,4.5,2.5,2.7,0,0,7,9,3.8,FALSE,TRUE
112,21,Female,Undergraduate,7,6.6,4.1,2.6,5.2,0,6,5,3.28,FALSE,FALSE
113,15,Female,Undergraduate,6.3,9.1,4.7,3,3.4,1,9,8,3.15,FALSE,TRUE
114,27,Female,Undergraduate,7.1,4.6,2,2.4,2.8,2,7,6,3.23,FALSE,TRUE
115,23,Female,Undergraduate,6.7,7.4,2.8,2,2.5,3,9,7,3.15,FALSE,TRUE
116,21,Female,Undergraduate,7.8,4,3.2,2.3,4.1,1,5,5,3.52,TRUE,FALSE
117,21,Female,High School,6.5,9.4,3.5,4.3,5.7,6,9,7,2.48,FALSE,TRUE
118,17,Male,Undergraduate,8.7,3.1,1,1.4,3,2,7,6,3.52,TRUE,TRUE
119,19,Male,Graduate,9.1,4,0.8,3.9,4.6,3,6,4,3.72,FALSE,FALSE
120,21,Female,High School,7.2,7.4,4.9,3.5,7.1,3,7,7,3.43,FALSE,TRUE
121,18,Female,Undergraduate,7.9,6.6,4.2,2.9,3.2,1,8,10,3.11,FALSE,TRUE
122,20,Male,High School,6.7,8.1,5.3,3,0.1,0,9,7,2.7,TRUE,TRUE
123,14,Female,High School,8,4.3,3.4,3.2,5.4,0,7,7,3.56,TRUE,TRUE
124,24,Female,Undergraduate,7.2,5.8,1.7,2.2,8.1,2,7,6,3.4,FALSE,TRUE
125,21,Female,High School,6.6,8.5,4,1.4,4.3,2,8,8,2.92,FALSE,TRUE
126,18,Female,Undergraduate,7.3,6.8,3.7,4.2,2.6,1,10,10,3.48,FALSE,TRUE
127,22,Male,High School,7.9,4.2,1.3,1.7,2.5,3,7,5,3.49,FALSE,TRUE
128,21,Female,Undergraduate,7.1,6.6,3.4,4,2,1,7,7,3.13,TRUE,TRUE
129,21,Female,Graduate,6.2,6.9,4.6,4.1,2.3,0,10,10,2.66,FALSE,TRUE
130,16,Male,Undergraduate,7.7,6.4,3.4,1.6,2,0,9,7,3.09,FALSE,TRUE
131,18,Female,Undergraduate,6.1,10.4,6.3,4.4,6.1,2,6,4,2.75,TRUE,FALSE
132,19,Male,High School,6.9,7.4,4.5,0.3,4.6,2,8,6,3.1,FALSE,TRUE
133,20,Female,Graduate,6.8,8.9,5.7,4.7,0,1,8,6,2.78,FALSE,TRUE
134,21,Male,Undergraduate,7.2,9.3,5.8,2.5,4.6,0,10,10,2.82,FALSE,TRUE
135,15,Male,Graduate,7.2,4.4,3,4.3,0.3,2,9,8,3.18,FALSE,TRUE
136,24,Female,Undergraduate,7.6,5.2,3.8,3.7,4,0,5,3,3.85,FALSE,FALSE
137,18,Male,Undergraduate,4.7,8.1,5.7,4,4.5,0,9,10,3.16,TRUE,TRUE
138,16,Female,Undergraduate,7.6,7,3.8,1.5,5.7,0,6,7,3.14,TRUE,FALSE
139,21,Female,Undergraduate,8.1,8.2,4.2,6.6,5.4,2,4,5,3.68,FALSE,FALSE
140,22,Male,Undergraduate,8.5,5.2,4.2,4.4,5,0,4,6,3.74,TRUE,FALSE
141,17,Male,Undergraduate,6.7,6.1,2.9,4.7,6,2,7,7,3.31,FALSE,TRUE
142,17,Male,Undergraduate,7.2,5.9,3.9,4.6,4.8,2,6,4,3.37,FALSE,FALSE
143,20,Female,Undergraduate,7.6,6.2,2.2,3.7,3.6,2,7,8,3.99,FALSE,TRUE
144,23,Non-binary,High School,5.6,5.3,2.3,3.6,1.8,3,8,7,2.96,FALSE,TRUE
145,22,Male,Undergraduate,7,6.4,4.8,4.4,2.3,1,8,9,2.77,TRUE,TRUE
146,19,Female,Undergraduate,6.1,10.8,6.6,2.9,2.1,3,10,10,2.79,FALSE,TRUE
147,20,Female,Graduate,5.4,11.7,7.7,2.1,3.1,3,10,9,2.38,FALSE,TRUE
148,15,Male,Undergraduate,7.6,9.1,4.2,4.6,6.5,3,9,7,2.93,FALSE,TRUE
149,19,Non-binary,Graduate,7,5,3.1,2.7,5,2,8,9,3.45,FALSE,TRUE
150,22,Male,High School,7.5,4,2.9,2.6,1.6,1,6,5,3.51,FALSE,FALSE
151,14,Male,High School,7.4,11.5,5,0,4.3,2,10,8,2.75,FALSE,TRUE
152,22,Female,Undergraduate,9.5,3.5,1,4.1,5.3,3,4,6,4,TRUE,FALSE
153,16,Male,High School,8.9,6.2,3.1,3.1,3,3,5,6,3.31,TRUE,FALSE
154,16,Male,Undergraduate,6.1,9.1,4.4,3.9,4.6,3,10,10,3.37,TRUE,TRUE
155,21,Female,Graduate,7.5,5.6,4.2,3.3,1.2,1,6,8,3.48,TRUE,FALSE
156,18,Female,High School,5.8,7.2,3,4.5,3.1,2,8,9,2.97,TRUE,TRUE
157,23,Female,Graduate,7.1,5.6,3.2,3.6,3.1,4,7,8,3.42,TRUE,TRUE
158,14,Female,Undergraduate,8.2,5,4.5,4.4,1.7,5,7,5,2.93,FALSE,TRUE
159,20,Female,Undergraduate,6.4,8.8,4.2,4.2,6.3,0,8,7,3.24,FALSE,TRUE
160,26,Female,High School,9.3,3.2,2.9,3.6,5.5,3,5,6,4,FALSE,FALSE
161,23,Male,Undergraduate,7.7,5.4,2.3,2.6,4.4,0,4,2,3.51,FALSE,FALSE
162,17,Female,Undergraduate,7.6,5.7,3.1,4.9,0.9,4,7,8,3.14,FALSE,TRUE
163,16,Female,Undergraduate,6,9,2.7,2.2,7,2,9,9,3.12,TRUE,TRUE
164,20,Female,Undergraduate,8.2,5.6,3.8,2.5,3.8,3,7,7,3.24,TRUE,TRUE
165,17,Male,Undergraduate,7.1,4.9,3.9,2.4,3.5,1,5,3,3.25,FALSE,FALSE
166,17,Male,Undergraduate,7.6,6.9,4.6,5.1,7.9,3,6,7,2.98,TRUE,FALSE
167,17,Female,Undergraduate,8,4.3,2.6,1.7,4.8,2,6,4,3.5,TRUE,FALSE
168,19,Male,High School,6.8,9.7,5.1,3.1,2.6,3,6,7,2.85,TRUE,FALSE
169,22,Male,Graduate,8.8,5.5,3.2,2.7,2.2,1,7,5,3.01,FALSE,TRUE
170,21,Male,Undergraduate,8.4,6.5,4.7,2,1.7,3,7,8,3.44,FALSE,TRUE
171,16,Male,Undergraduate,7.2,7.2,0.9,1.8,4.3,2,7,7,3.12,FALSE,TRUE
172,22,Female,High School,7.6,6.8,2.9,4.5,8.5,5,7,5,3.26,FALSE,TRUE
173,14,Non-binary,High School,8.7,5.5,3.6,4.2,3.4,3,4,2,3.83,TRUE,FALSE
174,19,Male,Undergraduate,7.4,3.5,1.6,3,1.1,0,8,8,3.5,FALSE,TRUE
175,23,Female,Undergraduate,7.6,7.4,4.1,2.9,1.7,2,8,7,2.91,FALSE,TRUE
176,17,Female,Graduate,8.3,6.1,4.5,2.5,2.2,1,5,3,3.19,FALSE,FALSE
177,16,Male,Undergraduate,8.1,6.3,3.8,1.3,5.4,2,6,6,3.86,FALSE,FALSE
178,20,Male,Undergraduate,8.2,6.7,3.5,3.9,4.8,1,7,8,3.81,TRUE,TRUE
179,19,Female,Graduate,7.1,8.9,5.7,2.1,3.7,2,7,5,2.97,TRUE,TRUE
180,24,Male,Undergraduate,8.5,1,1.1,0.2,5.9,0,4,3,3.84,FALSE,FALSE
181,17,Female,Undergraduate,6.8,4.7,2.1,1.7,6.1,1,6,5,3.73,FALSE,FALSE
182,17,Female,Undergraduate,8.2,8,4.9,4.1,2.8,0,5,5,3.69,FALSE,FALSE
183,19,Female,Undergraduate,7.8,7.7,4.2,3.8,2.6,2,7,7,2.98,TRUE,TRUE
184,18,Male,Undergraduate,8,5.6,2.4,3,5.9,1,7,9,3.13,FALSE,TRUE
185,23,Female,High School,7.2,5.9,1.3,4.5,6.1,2,7,5,3.15,FALSE,TRUE
186,22,Male,High School,9,3.2,1.4,1.9,2.9,3,4,3,3.9,TRUE,FALSE
187,22,Male,High School,7,7,4.6,3.7,0,3,7,7,3.21,TRUE,TRUE
188,20,Female,Undergraduate,5.9,10.7,7.4,4.3,5.9,0,10,10,3.59,FALSE,TRUE
189,20,Male,Undergraduate,7.7,6.6,3.4,1.5,3,1,7,6,3.6,FALSE,TRUE
190,16,Male,High School,8.8,8.4,2.2,2,0.6,2,7,9,3.97,FALSE,TRUE
191,18,Male,High School,5.5,7.7,4.9,6.1,5.8,4,6,8,3.48,FALSE,FALSE
192,18,Male,High School,7.6,5.5,3.1,2.2,6.3,2,7,6,3.58,TRUE,TRUE
193,19,Female,Graduate,7.6,5.1,5,3,5.2,1,7,9,3.04,FALSE,TRUE
194,16,Female,Undergraduate,6.6,7.9,4.6,2.9,5.4,1,7,8,3.49,TRUE,TRUE
195,22,Female,High School,8.6,4.9,3,3.3,6.1,2,7,8,3.72,FALSE,TRUE
196,23,Prefer not to say,Graduate,7.9,8.9,5.4,2.5,2.4,3,8,6,2.75,FALSE,TRUE
197,22,Male,High School,7.8,7.5,1.9,2.3,6.3,0,6,5,2.78,FALSE,FALSE
198,24,Female,High School,6.8,6.6,4.6,6.8,2.7,2,8,7,3.15,FALSE,TRUE
199,21,Male,Graduate,8.2,5.3,3.1,2.4,0.9,2,6,7,3.42,TRUE,FALSE
200,18,Female,Undergraduate,7.8,6.8,3.4,3.6,4.7,1,9,8,3.66,FALSE,TRUE
201,21,Male,Undergraduate,7,7.1,5.8,2.5,1.7,1,9,10,2.3,TRUE,TRUE
202,26,Male,Undergraduate,7.9,4.6,2.6,3.3,3.3,2,8,8,3.11,TRUE,TRUE
203,18,Male,Undergraduate,8.4,6.9,3.9,5,0.8,3,7,7,3.11,FALSE,TRUE
204,23,Female,Undergraduate,5.1,9.2,5.3,2.7,2,1,8,8,2.27,FALSE,TRUE
205,23,Male,Graduate,9,5.9,2.9,1.9,4.9,0,6,5,3.63,FALSE,FALSE
206,20,Male,Undergraduate,7.1,6,4.5,3.3,5.4,2,10,10,2.67,TRUE,TRUE
207,18,Female,High School,7.8,4.8,3,6.9,3.7,4,7,6,2.85,FALSE,TRUE
208,18,Male,Undergraduate,6.9,8.1,4.1,0,1.7,0,9,10,3.26,FALSE,TRUE
209,25,Female,Graduate,7.5,4.5,4.1,5.5,5.5,3,6,8,3.71,FALSE,FALSE
210,17,Male,Undergraduate,8,2.3,0.8,1.5,7.1,2,5,4,3.43,FALSE,FALSE
211,20,Female,Graduate,7.7,5.7,0.5,2,1.1,4,6,8,3.07,TRUE,FALSE
212,16,Male,Undergraduate,6.4,5.3,4.5,3.3,2.8,5,6,6,3.26,FALSE,FALSE
213,16,Female,High School,6.6,8.4,3.6,3.4,2.7,3,8,7,3.41,TRUE,TRUE
214,23,Female,Graduate,7.5,8.1,2.9,5.2,0.9,1,6,5,3.45,FALSE,FALSE
215,22,Male,Undergraduate,7.7,5.3,4.2,0.9,1.6,3,8,10,2.59,TRUE,TRUE
216,18,Male,High School,7.7,4.3,1.3,4.7,3.5,2,6,4,2.93,FALSE,FALSE
217,21,Male,Undergraduate,8.4,3.6,2.8,3.6,4.3,1,6,7,2.99,TRUE,FALSE
218,18,Female,Graduate,8.5,6.4,4.1,4,7.8,3,5,6,3.39,FALSE,FALSE
219,19,Male,Undergraduate,8.5,5.6,3.7,3.1,1.4,1,7,5,3.11,FALSE,TRUE
220,16,Female,Undergraduate,5.7,8.2,4.8,0.1,0.4,0,7,6,3.12,TRUE,TRUE
221,17,Female,Undergraduate,7.8,7.5,4.1,4.6,0,1,9,10,3.27,TRUE,TRUE
222,24,Female,Undergraduate,7.7,5.9,1.6,1.2,4.6,1,5,7,3.43,FALSE,FALSE
223,19,Male,High School,6.6,6.8,2.8,2.4,5.5,4,7,7,3.02,FALSE,TRUE
224,18,Female,Undergraduate,6,11,7.2,4.7,2.4,0,10,10,2.82,TRUE,TRUE
225,18,Male,High School,7.7,5,4.7,1.3,3.5,5,9,9,2.97,FALSE,TRUE
226,18,Female,Undergraduate,7.2,5,0.5,2.4,1.2,2,7,8,2.88,FALSE,TRUE
227,18,Female,Undergraduate,9,3.6,2.5,5.3,2.9,2,5,3,3.76,FALSE,FALSE
228,20,Female,Undergraduate,8.9,5.7,4.4,3.1,4.3,2,6,5,2.86,TRUE,FALSE
229,21,Male,Undergraduate,6.8,6.7,3.5,3.4,9.4,1,7,9,3.21,TRUE,TRUE
230,21,Female,Undergraduate,6.4,7.4,1.9,2.6,0.7,3,6,4,3.17,TRUE,FALSE
231,22,Female,High School,7.8,5.2,4.6,2.5,0.5,4,6,8,3.45,FALSE,FALSE
232,22,Female,Undergraduate,8.1,7,3.5,4.4,0.6,3,7,9,3.3,FALSE,TRUE
233,18,Male,Undergraduate,7.2,1.3,0,2.2,2.8,3,7,8,3.52,FALSE,TRUE
234,18,Male,Undergraduate,8.3,3.5,1,3.3,7.2,1,5,3,3.39,TRUE,FALSE
235,20,Male,High School,7.7,7.5,5.3,5.4,2.9,1,7,6,3.44,TRUE,TRUE
236,21,Female,High School,6.7,7.7,4.1,2.6,4.2,1,9,7,2.9,FALSE,TRUE
237,15,Male,High School,6.8,10,2.9,1.5,0,3,10,10,3.05,FALSE,TRUE
238,19,Male,Graduate,7.7,5.2,4.8,4.8,0.3,1,6,5,3.56,FALSE,FALSE
239,14,Male,High School,8.1,6.1,3.8,4.8,2.8,3,8,9,3.14,FALSE,TRUE
240,21,Male,Undergraduate,8.6,5.8,2.5,1.4,9.7,1,6,4,3.63,FALSE,FALSE
241,21,Male,High School,7.3,7.7,5.5,4.6,0,2,7,5,3.27,FALSE,TRUE
242,17,Male,Undergraduate,8.5,4.8,1.9,4.5,6.5,2,6,6,3.77,FALSE,FALSE
243,20,Male,High School,5.7,7.1,3.7,0,2.7,3,8,6,3.37,FALSE,TRUE
244,18,Male,Undergraduate,6,8.5,4.9,3.4,0,1,10,10,2.67,FALSE,TRUE
245,20,Non-binary,High School,6.7,8.6,5.1,3.7,0.2,2,8,10,2.83,TRUE,TRUE
246,19,Female,Undergraduate,5.4,10.3,6.3,3.7,7.5,0,8,7,2.9,TRUE,TRUE
247,24,Male,Graduate,7.9,3.5,0.6,5.7,2.5,0,6,7,3.9,FALSE,FALSE
248,20,Female,High School,7.4,7.4,1.8,4.6,3.4,2,10,10,3.17,FALSE,TRUE
249,21,Female,Undergraduate,7.9,4.5,3.5,4,6.6,0,5,3,3.19,FALSE,FALSE
250,19,Female,Graduate,8.8,2.9,0.5,3,3.8,2,6,6,3.44,FALSE,FALSE
251,19,Male,High School,9.3,2.8,1.7,6.5,5.7,1,4,5,3.2,TRUE,FALSE
252,22,Female,Undergraduate,7.4,7.9,5.2,3.8,3.3,0,9,10,3.23,FALSE,TRUE
253,18,Non-binary,High School,7.8,5.2,3.9,3.6,1.9,3,8,10,2.88,FALSE,TRUE
254,21,Female,Undergraduate,7.5,4.6,1.5,1.2,2,1,7,6,3.75,FALSE,TRUE
255,20,Male,Undergraduate,7.9,8.7,3.9,2.7,6.6,3,5,6,3.05,FALSE,FALSE
256,21,Female,Undergraduate,7.7,5.7,2.2,2.8,4.5,1,6,6,3.7,FALSE,FALSE
257,18,Female,Undergraduate,5.8,6.9,3,4.9,3.7,0,9,10,2.43,TRUE,TRUE
258,20,Male,Undergraduate,9.1,2.9,1.8,3.3,0,2,7,8,3.44,TRUE,TRUE
259,17,Male,Undergraduate,7.7,7.1,2.3,2.4,5.5,3,8,6,3.84,FALSE,TRUE
260,22,Male,Graduate,7.4,6.8,2.4,3.7,9,3,5,4,3.15,FALSE,FALSE
261,18,Male,Graduate,7.3,7.9,4.2,5.2,4.8,3,8,7,2.84,FALSE,TRUE
262,16,Male,Undergraduate,7,5.4,3.6,5.4,2.6,2,7,8,3.46,FALSE,TRUE
263,17,Female,Undergraduate,6.8,7.4,3.2,3.7,5.1,2,8,8,3.06,TRUE,TRUE
264,18,Male,Undergraduate,7.5,4.5,2.2,2.3,6.6,0,6,5,3.64,TRUE,FALSE
265,22,Female,Undergraduate,8.5,6.8,1.8,2.2,0,2,8,8,3.75,FALSE,TRUE
266,22,Male,Graduate,5.9,10.3,6.5,3,0.8,2,9,10,2.83,FALSE,TRUE
267,19,Female,Undergraduate,7.2,4.4,2.9,2.8,2.1,1,10,9,3.08,TRUE,TRUE
268,14,Female,Undergraduate,8,5.5,3.7,2.7,4.4,1,8,8,2.95,TRUE,TRUE
269,18,Female,High School,6,7.1,3.6,4.3,1.2,2,10,9,2.87,FALSE,TRUE
270,19,Male,High School,7.3,5.6,2.7,4.2,3.8,1,7,5,3.26,TRUE,TRUE
271,14,Male,Undergraduate,7.8,6.8,3.6,3.2,0,3,8,9,3.21,FALSE,TRUE
272,16,Prefer not to say,Undergraduate,7.6,5.1,2.2,2,3.5,5,5,5,3.36,FALSE,FALSE
273,20,Male,Undergraduate,6.9,6.4,4,4.8,5.7,1,6,5,3.47,FALSE,FALSE
274,22,Prefer not to say,Undergraduate,6.6,5.5,3.1,4.8,3.9,2,7,8,3.33,TRUE,TRUE
275,22,Female,Undergraduate,6.5,7.3,4.6,2.1,6.8,1,8,9,3.4,TRUE,TRUE
276,23,Female,Undergraduate,8,4.5,2.4,5.7,3.2,1,7,8,3.67,TRUE,TRUE
277,22,Male,Undergraduate,7.8,4.9,1.1,4.3,5.1,2,7,9,3.24,FALSE,TRUE
278,18,Female,High School,9,3.7,0.5,3,3.5,3,6,8,3.4,FALSE,FALSE
279,18,Male,Undergraduate,6.8,7.7,3,2.9,8.1,1,7,8,3.4,FALSE,TRUE
280,20,Male,High School,4.7,9.6,4.2,3.5,2.9,2,8,8,3.04,FALSE,TRUE
281,18,Male,Graduate,7.6,8.6,4.9,4.5,0,3,7,8,3.57,FALSE,TRUE
282,19,Male,Undergraduate,8,8.9,3.1,6.1,1,1,9,10,3.03,TRUE,TRUE
283,23,Male,Undergraduate,5.9,7,3.9,3.2,5.6,1,6,6,2.79,FALSE,FALSE
284,15,Male,Undergraduate,7.7,7.2,2.5,3.3,5.6,0,6,6,3.01,FALSE,FALSE
285,14,Female,Undergraduate,8.9,6,3.3,5.1,2.4,2,8,9,3.21,FALSE,TRUE
286,26,Female,High School,6.8,6.8,3.1,4.4,0.1,3,10,10,3.38,TRUE,TRUE
287,19,Female,Undergraduate,7.7,6.7,3.9,4.4,4.5,1,5,4,3.27,TRUE,FALSE
288,19,Female,Undergraduate,8.4,4.3,2.5,5.1,2.1,3,6,4,4,TRUE,FALSE
289,15,Male,Undergraduate,7.1,6.8,4,4.2,4,2,7,5,2.67,TRUE,TRUE
290,14,Female,Undergraduate,10,1.9,1.8,4.4,3.1,0,5,6,4,FALSE,FALSE
291,18,Female,Graduate,7.2,4.5,1.4,2,3.3,3,8,7,3.54,TRUE,TRUE
292,21,Male,Graduate,8.8,9.1,5.9,2.8,5,2,7,8,3.58,FALSE,TRUE
293,16,Female,Graduate,9.4,6,2.8,3.5,0,2,8,10,3.58,FALSE,TRUE
294,16,Male,High School,6.9,8.9,6,1.2,4.1,0,6,4,3.35,FALSE,FALSE
295,16,Female,Undergraduate,9.6,6.8,4.6,2.3,3.6,0,7,6,3.09,FALSE,TRUE
296,19,Male,Graduate,8.4,1.9,0.5,4.1,5.9,1,4,5,3.8,FALSE,FALSE
297,16,Female,Graduate,5.7,9,6.6,1.3,3.2,1,9,7,2.38,FALSE,TRUE
298,24,Male,Undergraduate,8.1,6.6,2.5,5.3,4.6,1,6,7,3.47,FALSE,FALSE
299,17,Non-binary,Undergraduate,8,6.7,2.5,2.4,4.1,1,9,9,3.41,TRUE,TRUE
300,20,Male,High School,8.1,3.5,2.3,3.4,2,4,7,7,3.3,TRUE,TRUE
301,23,Female,Undergraduate,8.4,7.7,4,3,2.6,3,6,6,3.46,TRUE,FALSE
302,23,Male,High School,6.2,8.8,7.3,3.4,5.7,0,8,6,2.85,FALSE,TRUE
303,16,Female,Undergraduate,8,9,5.6,2.6,1.3,1,7,7,3.18,FALSE,TRUE
304,14,Female,High School,7.6,6.9,5.1,5,4.2,4,6,8,3.46,FALSE,FALSE
305,17,Male,Undergraduate,6.6,10.5,5.7,3.8,2.5,2,9,8,3.03,FALSE,TRUE
306,16,Male,Undergraduate,7.5,5.5,1.2,1.3,3.5,2,8,6,3.38,FALSE,TRUE
307,14,Male,Graduate,8.9,3.4,0.3,4.5,4,0,5,4,3.96,FALSE,FALSE
308,21,Male,Undergraduate,6.1,9.1,5.5,3,0.6,0,9,10,3.21,FALSE,TRUE
309,21,Female,Undergraduate,6.5,7.3,3.2,4.7,7.2,1,9,10,3.35,FALSE,TRUE
310,14,Male,High School,8.9,1,0,3.9,4.6,1,5,3,4,FALSE,FALSE
311,16,Male,Undergraduate,6.4,10,5.4,3.2,3.3,2,9,7,3.02,TRUE,TRUE
312,19,Prefer not to say,Undergraduate,7.2,5.5,2.8,2.4,2.3,0,8,10,2.76,FALSE,TRUE
313,22,Male,Undergraduate,6.4,9.7,4.9,1.9,7,1,6,6,3.12,TRUE,FALSE
314,19,Male,Undergraduate,6.4,6.4,2.1,2.5,10.3,1,7,9,3.46,FALSE,TRUE
315,29,Male,Undergraduate,8.1,5.2,2.8,2.3,1.2,7,7,6,3.27,TRUE,TRUE
316,18,Male,Undergraduate,5.6,6.4,2.7,0.7,3.4,4,10,10,2.97,FALSE,TRUE
317,22,Female,High School,7.4,7.4,4.3,2.7,3.9,1,6,6,3.29,FALSE,FALSE
318,19,Female,Undergraduate,6.7,7.9,3.4,3.2,3.3,4,8,6,3.41,FALSE,TRUE
319,24,Male,High School,7.7,5.4,3.8,4.1,4.8,1,7,6,3.53,FALSE,TRUE
320,18,Female,High School,7.8,4.3,1.6,4,2,6,7,7,3.43,TRUE,TRUE
321,19,Female,Graduate,6.5,6.4,5.3,2.1,4.6,0,8,8,3.26,TRUE,TRUE
322,24,Female,Undergraduate,7.3,4.9,0.9,5.2,1.9,2,7,5,3.38,FALSE,TRUE
323,17,Female,Graduate,7.7,3.6,2.3,4.1,2.3,3,8,8,2.94,FALSE,TRUE
324,25,Female,High School,7.1,6.1,2.7,3.1,1.7,2,8,9,3.5,TRUE,TRUE
325,21,Male,High School,8.5,5.2,2.2,4.5,4,1,6,6,3.56,FALSE,FALSE
326,21,Female,Graduate,8,4.9,2.9,3.1,6.5,0,6,8,3.72,FALSE,FALSE
327,16,Female,Undergraduate,7.1,4.3,2.5,5.6,1.2,4,7,8,3.36,FALSE,TRUE
328,16,Female,High School,6.3,9.2,4.9,5.1,2.4,1,7,7,3.1,TRUE,TRUE
329,21,Male,Undergraduate,8.9,3.2,1.6,2.3,1.4,1,6,5,3.77,FALSE,FALSE
330,22,Male,Undergraduate,6.4,7.5,2.9,4.5,10.5,5,6,4,2.93,FALSE,FALSE
331,14,Female,Undergraduate,8.9,7.4,4.8,2,5.2,1,6,7,3.26,TRUE,FALSE
332,16,Prefer not to say,Graduate,7.3,8.2,4.6,3.3,0.2,2,8,9,2.89,FALSE,TRUE
333,19,Female,Graduate,7.6,7.4,4.1,4.3,4.9,1,6,7,2.88,FALSE,FALSE
334,24,Male,High School,7.9,4.9,2.6,3.4,8.2,1,7,7,3.44,TRUE,TRUE
335,17,Female,High School,7.2,8,6,3.3,0.5,0,7,9,3,TRUE,TRUE
336,15,Female,High School,7.8,3,0,5,5.5,4,6,6,3.59,FALSE,FALSE
337,20,Female,Undergraduate,6.5,9.3,4.6,5.2,2.3,3,8,9,3.4,FALSE,TRUE
338,22,Female,Undergraduate,6.8,8.1,3.9,4.3,2,3,7,5,3.39,FALSE,TRUE
339,14,Male,Graduate,9.6,1.4,1.7,1.5,3.4,1,4,5,3.89,FALSE,FALSE
340,15,Female,High School,8.5,6.8,4.5,1.7,5.4,2,4,5,3.38,FALSE,FALSE
341,16,Male,Undergraduate,8.7,6.2,2,2.6,1,3,6,5,3.59,FALSE,FALSE
342,20,Non-binary,Undergraduate,7.1,7.4,5.3,3.8,5.9,1,8,7,3.4,FALSE,TRUE
343,15,Female,Graduate,7.7,4.2,2.5,3.9,5.3,3,6,8,3.26,FALSE,FALSE
344,25,Male,Graduate,8.2,4,4.1,1.2,4.5,0,7,6,3.59,FALSE,TRUE
345,15,Male,Undergraduate,6.2,7.5,3.1,1.8,5.6,0,8,6,2.86,FALSE,TRUE
346,26,Male,Undergraduate,8,8.9,5.6,2.8,3.9,2,7,9,2.93,TRUE,TRUE
347,20,Female,Undergraduate,9.3,5.4,1.9,3.2,7.4,1,5,5,4,FALSE,FALSE
348,23,Female,Graduate,5.7,5.4,2.9,3.7,0,4,9,10,2.76,TRUE,TRUE
349,18,Female,Undergraduate,7,6.1,1.4,4.2,1.7,1,7,9,3.27,TRUE,TRUE
350,21,Female,Undergraduate,6.4,4.4,1.1,4.6,2.4,2,7,8,3.21,TRUE,TRUE
351,18,Male,Undergraduate,8.2,1.7,0,2.4,3,3,6,5,3.63,TRUE,FALSE
352,24,Male,Graduate,7.7,5.8,2.9,2.9,0.5,1,6,6,3.11,TRUE,FALSE
353,22,Male,High School,4.9,9.9,6.3,2.5,3.1,0,8,10,2.63,FALSE,TRUE
354,20,Female,High School,9,3.2,1.4,3.5,4.4,2,7,6,4,TRUE,TRUE
355,22,Male,High School,7.5,1.7,1.3,2.3,3.2,5,7,6,3.54,TRUE,TRUE
356,19,Male,High School,8,10.2,4.1,2.7,1.3,2,7,7,3.77,TRUE,TRUE
357,21,Non-binary,Undergraduate,6.3,9.7,6.4,5.6,2.6,5,10,10,2.89,FALSE,TRUE
358,19,Male,Undergraduate,8.2,6.5,4.1,4.2,2.4,1,8,9,2.66,FALSE,TRUE
359,18,Female,Undergraduate,6.4,7.8,5,4,4.1,3,9,7,2.81,FALSE,TRUE
360,14,Female,High School,7.5,6.5,2.3,3.1,5.3,2,7,5,3.47,FALSE,TRUE
361,16,Female,High School,9.9,2.3,0,4.7,0,0,6,6,4,FALSE,FALSE
362,19,Male,Graduate,6.5,7.8,3.9,3.6,3.8,0,9,10,3.2,FALSE,TRUE
363,21,Female,Undergraduate,6.9,8.3,5.1,4,0.8,3,8,7,3.11,TRUE,TRUE
364,25,Female,Undergraduate,7.6,7.2,6.1,5.2,3.8,3,8,6,3.3,TRUE,TRUE
365,22,Female,High School,7.5,2.8,1,2.7,9.2,3,4,6,3.69,FALSE,FALSE
366,17,Female,High School,7.5,1,1.3,1.6,1.6,4,5,6,3.41,FALSE,FALSE
367,22,Male,Undergraduate,7.9,4.1,1,4.3,2,2,8,7,3.34,TRUE,TRUE
368,16,Male,Undergraduate,8.4,2.9,0,2.6,4.2,2,7,6,3.15,TRUE,TRUE
369,22,Female,Undergraduate,8.9,3.6,4.1,3.8,5.9,1,7,5,3.95,FALSE,TRUE
370,18,Female,High School,8.5,6.1,2.6,3.6,5.3,2,6,4,3.75,FALSE,FALSE
371,18,Male,High School,4.7,12.1,6.4,5,7.1,4,9,9,2.71,TRUE,TRUE
372,21,Male,Undergraduate,6.9,5.7,0.3,2.4,0.7,7,8,7,3.42,FALSE,TRUE
373,19,Female,High School,7.5,4.4,1.8,3.9,2.4,1,6,8,3.95,TRUE,FALSE
374,22,Female,High School,5.9,6.8,3.9,3.7,2.9,0,10,10,3.28,TRUE,TRUE
375,14,Female,High School,8.2,6.5,2.2,4.7,4.6,2,8,6,3.56,FALSE,TRUE
376,19,Female,Undergraduate,7.6,9.2,5.2,1.5,1.4,1,9,8,3.14,FALSE,TRUE
377,19,Female,Undergraduate,10,2.3,1.1,4.5,6.1,2,3,1,3.94,TRUE,FALSE
378,14,Female,Undergraduate,7.1,3.8,3.1,5.7,3.6,0,5,5,3.32,FALSE,FALSE
379,20,Male,Graduate,6.1,8.6,5.6,3.1,3.5,3,9,7,2.6,FALSE,TRUE
380,16,Male,Undergraduate,6.4,9.6,6.5,3.9,1.1,0,9,10,2.12,FALSE,TRUE
381,21,Male,Undergraduate,8.2,7.8,5.1,2.2,6,2,5,6,3.66,TRUE,FALSE
382,28,Male,Undergraduate,6.7,6.3,2.5,3,4.3,4,9,9,2.88,FALSE,TRUE
383,19,Male,High School,6.2,11.3,6.6,5.5,0.2,1,10,10,3.16,FALSE,TRUE
384,19,Male,Undergraduate,6.5,9,4.6,5.5,4.1,3,9,9,3.15,TRUE,TRUE
385,19,Female,Undergraduate,6.6,7.9,5.4,4.2,4.1,3,9,7,2.41,FALSE,TRUE
386,23,Female,High School,6.8,9.4,5,2.8,6,3,7,7,3.17,FALSE,TRUE
387,18,Female,High School,7.4,5.5,3.2,3,3.7,0,9,10,3.26,FALSE,TRUE
388,20,Female,Undergraduate,6.7,7.8,4.4,1.5,4.8,0,9,10,3.54,FALSE,TRUE
389,21,Female,Undergraduate,8.5,4.1,3.1,1.4,2.7,5,5,5,3.74,FALSE,FALSE
390,18,Female,Undergraduate,6.8,9.2,3.4,3.7,0.8,2,8,7,2.98,TRUE,TRUE
391,23,Female,Graduate,7.8,7,3.9,2.9,2.4,4,6,4,3.45,FALSE,FALSE
392,23,Male,Undergraduate,7.1,6.5,4.1,5,6.2,1,7,9,2.85,TRUE,TRUE
393,19,Male,Undergraduate,6.3,9.8,5.2,0,6.2,3,8,6,3.21,FALSE,TRUE
394,19,Female,Undergraduate,6.7,6.3,2.5,4.1,0.8,2,7,9,3.27,FALSE,TRUE
395,23,Male,Undergraduate,7.4,7.4,4.5,4.9,0,1,7,5,3.06,FALSE,TRUE
396,18,Non-binary,High School,7.8,5.7,4.5,3.8,1.9,0,7,6,3.54,FALSE,TRUE
397,15,Female,Undergraduate,7.2,5.9,3.7,1.4,0.1,2,10,10,2.42,FALSE,TRUE
398,17,Male,Undergraduate,8.5,4.6,2.6,1.7,11.3,5,5,3,3.68,TRUE,FALSE
399,22,Male,Undergraduate,5.8,8.8,3.5,2.2,4.9,1,9,10,3.09,TRUE,TRUE
400,23,Male,Undergraduate,7.3,8.4,6.6,2.2,5.8,2,8,8,2.62,FALSE,TRUE
401,22,Female,Undergraduate,7.8,8.3,5.2,2.6,5.9,3,7,8,2.91,TRUE,TRUE
402,21,Male,Undergraduate,8.4,2.9,2.3,2.1,2,3,4,5,4,FALSE,FALSE
403,15,Female,Graduate,6.8,5.9,3.4,2.9,0,1,9,8,2.77,TRUE,TRUE
404,21,Male,High School,7.8,4.3,2.9,3.2,6.1,1,7,5,3.56,FALSE,TRUE
405,21,Female,Undergraduate,7.8,4.4,4,4,2.3,1,6,7,3.44,FALSE,FALSE
406,22,Male,Graduate,7.1,6.4,3,2.6,6.4,1,9,10,2.7,TRUE,TRUE
407,22,Female,Undergraduate,6.2,8.4,6.3,0.9,0,1,8,8,3.19,FALSE,TRUE
408,17,Male,Undergraduate,7.9,6.2,4.6,3.8,2,0,7,9,3.21,FALSE,TRUE
409,23,Male,Undergraduate,8.2,2.9,2.3,1.4,3,1,7,6,3.4,TRUE,TRUE
410,23,Female,Undergraduate,7.2,8.3,4,3,4.3,1,6,4,3.14,TRUE,FALSE
411,16,Male,Undergraduate,8.1,6.6,4.8,2.1,2.4,2,8,7,3.33,TRUE,TRUE
412,22,Male,Undergraduate,8,3.5,1,3.4,3.9,3,8,7,3.67,FALSE,TRUE
413,20,Male,Undergraduate,8.4,5.8,3.9,2.5,2.6,1,9,7,2.59,FALSE,TRUE
414,20,Male,High School,6.1,6.2,2,6.5,8.4,2,7,9,3.45,FALSE,TRUE
415,22,Male,Graduate,6.8,7.9,3.3,4.1,5,4,7,8,3.29,FALSE,TRUE
416,18,Male,High School,5.4,7.9,4.4,2.6,8.2,2,8,7,2.73,FALSE,TRUE
417,19,Female,Undergraduate,5.1,8.7,5.2,1.2,4.6,4,9,7,2.78,TRUE,TRUE
418,22,Female,Undergraduate,5.9,4.8,0.8,4.3,5.1,2,8,10,3.66,FALSE,TRUE
419,23,Female,High School,8.4,6.7,1.6,2,1,4,8,8,3.33,FALSE,TRUE
420,15,Female,High School,6.7,6.7,2.4,0.3,5,3,5,6,3.68,FALSE,FALSE
421,17,Male,Undergraduate,5.6,10.5,6.7,2.4,3,0,9,8,3.09,FALSE,TRUE
422,15,Non-binary,Undergraduate,7.3,5.6,4.1,2.7,8.8,2,7,6,3.43,TRUE,TRUE
423,17,Female,Undergraduate,6,6.9,3,3.1,2.9,2,9,7,3.05,FALSE,TRUE
424,18,Male,Undergraduate,7.5,7.9,3.4,5.8,7.2,0,7,9,3.81,FALSE,TRUE
425,22,Female,Undergraduate,8.1,5.3,1.8,3.6,0,1,9,10,3.6,FALSE,TRUE
426,18,Female,Undergraduate,7.5,6,2.1,3.4,3.3,2,8,7,3.28,FALSE,TRUE
427,21,Male,Undergraduate,7.2,6.4,2.9,3.7,3.6,2,6,5,3.45,TRUE,FALSE
428,18,Female,High School,7.5,4.3,2.5,2.9,4.1,0,7,6,3.62,TRUE,TRUE
429,23,Non-binary,Undergraduate,8.2,3.9,4,3.2,3.6,1,7,6,3.42,TRUE,TRUE
430,16,Male,Undergraduate,6.8,7.4,3.8,3.3,7.6,3,7,9,3.36,FALSE,TRUE
431,19,Female,Undergraduate,6.1,6.2,3.8,2.6,5.3,3,7,7,2.88,TRUE,TRUE
432,14,Male,High School,7.9,6.2,5.1,4.2,3.7,2,8,10,3.5,TRUE,TRUE
433,18,Female,Undergraduate,7,8.2,4.1,3.3,5.3,1,5,4,3.38,FALSE,FALSE
434,20,Male,Undergraduate,6.8,2.6,1.3,3.8,1.8,1,7,7,3.48,TRUE,TRUE
435,25,Male,Graduate,6.2,7.8,4.4,1.9,2.7,2,8,7,3.11,FALSE,TRUE
436,26,Non-binary,Undergraduate,6.3,7.1,4.4,3.4,3.1,5,8,8,2.82,FALSE,TRUE
437,24,Male,Undergraduate,7,3.4,2.1,4.9,4.8,0,8,10,3.26,FALSE,TRUE
438,19,Female,High School,7.4,7.6,4.3,3.4,0,3,9,7,2.62,FALSE,TRUE
439,15,Male,Graduate,7.5,7.7,6,5.8,4.5,2,5,7,3.44,FALSE,FALSE
440,18,Female,High School,7,7.2,4.2,4.6,2.1,2,7,7,3.37,FALSE,TRUE
441,23,Male,High School,7,7.9,3.5,3.6,5.7,4,5,7,3.72,TRUE,FALSE
442,16,Male,High School,9.2,5,2.6,3.4,5.8,0,5,7,3.57,FALSE,FALSE
443,20,Male,High School,7.3,5.2,0.6,2.4,3.4,3,7,6,3.11,TRUE,TRUE
444,20,Male,High School,8.2,8.6,4.8,5.7,0,1,8,8,2.95,FALSE,TRUE
445,22,Male,High School,8.5,1,0.4,5.1,2.9,3,5,3,3.72,TRUE,FALSE
446,16,Female,High School,6.9,6.5,3.8,4.1,0.4,1,7,5,3.7,FALSE,TRUE
447,14,Prefer not to say,High School,7.3,6.7,5.5,1.8,3.3,1,7,6,2.71,FALSE,TRUE
448,19,Female,Undergraduate,9.3,2.8,0.8,3.4,3.9,1,6,8,3.74,TRUE,FALSE
449,15,Male,Undergraduate,8,5.5,3.9,4.9,3.2,4,6,5,2.88,FALSE,FALSE
450,17,Male,High School,7.1,6.4,3.6,5.9,2.8,2,7,8,3.08,FALSE,TRUE
451,18,Female,High School,7.6,5.2,0.7,7.2,3.5,2,8,6,3.09,TRUE,TRUE
452,23,Male,Undergraduate,6.9,7.2,3.1,3.2,2.8,2,8,6,3.01,FALSE,TRUE
453,16,Female,Undergraduate,8.2,6.9,3.7,4.7,6.9,1,7,6,3.52,FALSE,TRUE
454,19,Male,Graduate,7,6.4,2.6,2.4,5.7,1,8,9,3.13,FALSE,TRUE
455,16,Female,Undergraduate,8.5,4.4,3.3,2.6,1.9,3,7,9,2.86,FALSE,TRUE
456,23,Male,Graduate,9.7,1.5,0.6,1,0,1,6,8,3.6,FALSE,FALSE
457,18,Female,Undergraduate,6.8,9.3,3.7,3.9,7.3,1,7,9,3.19,FALSE,TRUE
458,15,Male,High School,9.7,1.5,0.4,5.6,4.6,3,4,5,3.99,FALSE,FALSE
459,15,Female,Undergraduate,9.4,2.9,0.9,3.2,1.3,1,6,5,3.75,FALSE,FALSE
460,21,Male,Graduate,7.1,3.8,2.3,1.7,0,2,6,5,3.15,FALSE,FALSE
461,19,Prefer not to say,Undergraduate,8,6.9,4.4,3,3,3,7,7,3.4,TRUE,TRUE
462,17,Female,Graduate,9,5.9,1.8,3.3,3.5,2,6,4,3.26,TRUE,FALSE
463,16,Male,Undergraduate,7.9,7.7,3.8,3.3,4.4,1,6,7,3.67,FALSE,FALSE
464,16,Male,Undergraduate,7.9,10.1,5.4,4.9,6.1,2,7,7,2.74,TRUE,TRUE
465,26,Male,Undergraduate,7.2,6.8,5.6,6.8,2.9,2,9,10,3.36,TRUE,TRUE
466,15,Male,High School,8.1,3.7,2.7,4.8,1.9,1,8,7,3.7,FALSE,TRUE
467,20,Female,Undergraduate,5.6,8.1,4.2,2.3,5.4,2,9,10,2.27,FALSE,TRUE
468,19,Male,Undergraduate,6.6,8.6,4,1.3,2.5,1,8,10,3.12,FALSE,TRUE
469,19,Female,Undergraduate,7.8,5,2.7,1.8,4.7,1,7,8,3.32,TRUE,TRUE
470,14,Male,Undergraduate,8.5,7,1.8,5.5,2.5,2,6,6,3.88,FALSE,FALSE
471,25,Male,Graduate,8,5.3,2.9,2.5,4.4,1,6,8,3.4,TRUE,FALSE
472,22,Male,Undergraduate,8,6.9,4.6,2.5,1.5,0,8,6,3.63,FALSE,TRUE
473,20,Female,Undergraduate,6.7,5.2,2.1,5.5,4.9,3,8,10,3.47,FALSE,TRUE
474,18,Male,Undergraduate,7.7,6.7,3.4,0.8,5.4,2,8,8,3.01,TRUE,TRUE
475,16,Female,High School,8,5.7,4.1,2.8,5.3,1,4,4,3.71,TRUE,FALSE
476,23,Male,High School,6.4,10.6,4.4,3.5,3.4,2,8,6,3.12,FALSE,TRUE
477,20,Male,Undergraduate,9.3,2.3,0.7,6.1,3.9,0,6,8,3.87,FALSE,FALSE
478,20,Male,High School,7.3,5.6,2.8,5.2,3.2,1,6,7,3.41,TRUE,FALSE
479,18,Male,Undergraduate,6.7,10.4,6.2,4.3,2.7,2,9,7,3.14,FALSE,TRUE
480,16,Prefer not to say,High School,6.4,9.8,5.6,4.8,0,2,10,9,2.88,FALSE,TRUE
481,14,Male,Graduate,8.5,6.4,3.8,2.7,0,2,7,7,3.48,TRUE,TRUE
482,20,Male,Undergraduate,7.8,3.7,2.7,3.4,2.7,1,5,3,3.5,TRUE,FALSE
483,22,Female,High School,7.7,7.1,4.1,1.9,1.4,1,7,5,3.11,TRUE,TRUE
484,21,Male,Undergraduate,8.3,5.7,2.9,2.8,0,2,9,10,2.98,FALSE,TRUE
485,16,Male,Undergraduate,6.2,7.5,4.7,2.9,3.3,1,8,8,3.17,TRUE,TRUE
486,18,Male,High School,6.9,7.3,4.5,4.2,8.2,2,6,6,3.24,FALSE,FALSE
487,15,Male,High School,6.8,6.8,3.7,2.7,0.7,2,8,9,2.91,FALSE,TRUE
488,19,Male,Undergraduate,8.6,5.8,2,4.3,7.6,0,7,7,3.52,TRUE,TRUE
489,18,Female,Undergraduate,6.6,5.7,4.7,4.7,1.9,1,7,7,3.27,TRUE,TRUE
490,14,Male,Undergraduate,6.5,8.3,4.7,4.7,5.1,4,8,8,3.07,TRUE,TRUE
491,19,Male,Undergraduate,7.7,3.9,1,3,0.4,4,6,4,3,FALSE,FALSE
492,16,Female,Graduate,5.9,8.1,3.1,1.7,6.8,0,10,10,2.72,TRUE,TRUE
493,20,Female,Undergraduate,7.8,6.5,3.9,3.7,2.9,2,7,9,3.78,FALSE,TRUE
494,25,Female,Undergraduate,6.9,4.7,3.1,5.9,6.6,0,6,6,3.59,FALSE,FALSE
495,19,Male,Undergraduate,7,9.2,4.2,3.2,3.6,1,8,10,2.89,FALSE,TRUE
496,20,Female,Undergraduate,9.1,2.7,1.8,4,1.7,0,6,8,3.57,FALSE,FALSE
497,18,Male,Graduate,6.8,5.8,3.4,3.3,0,6,8,6,3.06,TRUE,TRUE
498,22,Male,High School,5.8,8.8,4.3,3.3,5.9,0,8,10,2.28,TRUE,TRUE
499,23,Male,Graduate,8.7,6.1,3.7,5.4,3.8,0,6,7,4,FALSE,FALSE
500,14,Female,Graduate,8.4,7.2,4,3.5,3,4,6,7,3.47,FALSE,FALSE
501,17,Male,Undergraduate,6.4,7.9,4.6,2.4,0,3,7,8,3.3,FALSE,TRUE
502,21,Male,High School,5.9,9.2,6.2,3.8,4,4,9,10,3.51,FALSE,TRUE
503,17,Female,Undergraduate,8.4,1,0,4.5,4,3,5,6,4,FALSE,FALSE
504,18,Female,High School,7.1,8.4,4.5,4.5,0.1,0,8,8,3.24,TRUE,TRUE
505,22,Male,High School,6.6,7,3.6,1.6,6.3,3,8,9,3.23,FALSE,TRUE
506,23,Female,Undergraduate,6.4,8,4.5,2.9,0.7,1,6,4,3.64,FALSE,FALSE
507,18,Female,Graduate,7.5,8.2,3.2,5.5,2.5,1,7,7,3.02,FALSE,TRUE
508,18,Male,High School,7.9,2,1.5,2.8,0,0,7,9,3.33,FALSE,TRUE
509,23,Male,Graduate,7,8.8,3.9,2.8,3.3,1,10,8,2.4,FALSE,TRUE
510,19,Female,High School,7.1,6.8,2.7,4.4,1.8,3,8,10,3.43,TRUE,TRUE
511,24,Male,High School,8.1,6.3,4.7,1.7,6.2,1,7,6,3.28,FALSE,TRUE
512,15,Male,High School,9.9,5.3,3.7,2.4,1.5,5,3,3,4,FALSE,FALSE
513,20,Female,Undergraduate,7,3.9,2.9,1.4,2.4,0,6,6,3.52,FALSE,FALSE
514,19,Non-binary,Undergraduate,6.9,6.6,2.8,2.3,7.1,1,6,7,3.19,FALSE,FALSE
515,21,Male,Graduate,6.9,6.9,3.3,3.9,4.5,4,8,10,3.51,TRUE,TRUE
516,21,Female,Undergraduate,7,6.4,2.9,0.4,2.4,2,6,7,3.4,FALSE,FALSE
517,19,Male,Graduate,6.7,9.5,4.6,5.4,0,2,8,8,3.13,TRUE,TRUE
518,19,Male,Graduate,7.7,7.1,4.5,3.8,3.6,2,6,5,3.63,FALSE,FALSE
519,21,Male,Undergraduate,7.2,5.8,4.1,2.5,1.8,2,8,6,2.95,FALSE,TRUE
520,17,Female,Undergraduate,7,7.9,3,1.2,2.8,2,8,7,3.19,FALSE,TRUE
521,22,Male,Graduate,7.4,5.4,1.5,2.9,3.4,5,6,7,3.23,FALSE,FALSE
522,18,Male,Undergraduate,7.7,1.7,2.9,4.6,8.3,2,4,6,3.75,FALSE,FALSE
523,19,Female,High School,6,8.4,4.5,4.3,1.6,2,8,10,3.06,FALSE,TRUE
524,19,Female,High School,8.8,2.8,1.4,4.9,3.8,1,6,6,3.71,TRUE,FALSE
525,20,Male,Graduate,7.9,9.9,6,4.1,0.8,0,8,6,3.09,TRUE,TRUE
526,21,Male,High School,7.7,5.1,1,4.2,6.1,0,6,5,3.58,FALSE,FALSE
527,18,Female,High School,7.8,3.6,0.6,4.3,2.8,1,6,4,3,FALSE,FALSE
528,18,Female,Graduate,6.9,6.3,4.6,3.4,0.6,2,10,10,2.81,FALSE,TRUE
529,17,Male,Undergraduate,8.9,6.7,2.8,3.9,2.6,0,6,5,3.58,TRUE,FALSE
530,17,Female,Undergraduate,6.4,9.8,6.9,1.4,6,2,7,5,2.85,TRUE,TRUE
531,19,Female,Undergraduate,5.7,8.3,5.1,2.5,0,3,7,9,2.99,FALSE,TRUE
532,15,Male,Undergraduate,7.3,7.7,4.7,3.4,5.9,2,7,7,3.39,FALSE,TRUE
533,18,Female,Undergraduate,7.8,5.3,3.4,4.1,1.4,1,8,10,3.54,TRUE,TRUE
534,16,Male,Graduate,7.5,9.8,7,4.1,3.9,0,8,6,2.64,FALSE,TRUE
535,17,Male,Undergraduate,5.9,11,6.5,2.2,6.7,3,10,10,3,TRUE,TRUE
536,20,Non-binary,High School,7.4,5.2,3,3.8,4.1,0,7,7,3.6,TRUE,TRUE
537,16,Male,High School,6.9,5,3.7,2,3.9,2,6,4,3.6,FALSE,FALSE
538,20,Male,Undergraduate,5.9,9.5,5.3,3.8,3.1,1,10,10,3.02,FALSE,TRUE
539,15,Female,Undergraduate,6.3,6.9,5.4,3.6,0.1,1,6,5,3.6,FALSE,FALSE
540,21,Male,Undergraduate,6.8,8.3,4.3,4.6,4.1,4,9,10,2.8,TRUE,TRUE
541,14,Female,Graduate,6.9,10.4,4.1,4.7,4.3,2,8,8,3.02,FALSE,TRUE
542,19,Male,High School,5.4,10.7,5.2,6.6,2.9,5,7,9,2.9,FALSE,TRUE
543,17,Male,Undergraduate,8.2,8.2,4.7,0.2,0,2,10,10,2.89,FALSE,TRUE
544,19,Female,Undergraduate,8.1,8.6,5.5,2.1,3,0,7,5,3.44,FALSE,TRUE
545,24,Male,Undergraduate,8.2,7.4,5.5,3.2,2,1,6,4,3.55,TRUE,FALSE
546,17,Female,Undergraduate,5.8,10.6,6.8,6.4,0,2,10,10,2.83,FALSE,TRUE
547,21,Female,Undergraduate,6,8,4.5,2.1,3.2,2,8,7,2.86,TRUE,TRUE
548,20,Female,Undergraduate,7.3,6.9,4.1,2.6,1.1,5,6,5,3.59,FALSE,FALSE
549,14,Female,Undergraduate,7.7,9.1,6,2.9,3.4,1,9,7,2.8,TRUE,TRUE
550,15,Female,Graduate,9.8,2.8,1.2,2.7,2.7,1,4,6,3.39,FALSE,FALSE
551,25,Female,Graduate,9,4.5,4.2,3.6,1.9,0,10,10,2.79,FALSE,TRUE
552,18,Male,Undergraduate,9.1,5.9,2,3.5,0.4,1,5,6,4,FALSE,FALSE
553,21,Female,High School,9.3,3,3.2,3.5,7.1,6,7,7,3.49,FALSE,TRUE
554,19,Female,High School,7.5,3.9,1.5,3.5,6,0,7,9,3.26,TRUE,TRUE
555,22,Female,Undergraduate,8.6,6.2,3.8,5.1,1.3,1,8,9,3.92,FALSE,TRUE
556,24,Female,Undergraduate,7.1,4.2,2.7,3.5,3.8,1,8,10,3.41,FALSE,TRUE
557,18,Male,Undergraduate,8.6,6,3.9,1.3,4.4,3,7,6,3.8,FALSE,TRUE
558,18,Female,High School,7.1,6.2,2.9,3.1,4.7,1,7,9,2.9,FALSE,TRUE
559,16,Male,Graduate,6.9,9.1,6.7,3.2,4.4,2,9,10,3.09,FALSE,TRUE
560,24,Female,Undergraduate,7.3,3.9,0.7,4.9,4,3,8,6,3.17,FALSE,TRUE
561,18,Female,Undergraduate,7.6,6.6,3.8,4.4,5.8,2,6,8,3.68,TRUE,FALSE
562,24,Non-binary,Undergraduate,8.2,6.3,2.8,4.5,0,1,8,6,2.89,TRUE,TRUE
563,20,Male,Undergraduate,7.2,8,3.8,4.4,2.8,2,8,6,2.87,TRUE,TRUE
564,22,Female,Undergraduate,8.6,4,3,3.5,7.1,0,5,6,3.92,FALSE,FALSE
565,16,Female,Undergraduate,7.7,6.8,5,2,0.6,3,9,10,2.65,TRUE,TRUE
566,15,Male,High School,6.5,9.5,5.1,3.3,3.8,1,9,9,3.37,FALSE,TRUE
567,18,Male,Undergraduate,7.3,7.6,4.7,1.9,0,1,7,5,3.63,FALSE,TRUE
568,21,Prefer not to say,Undergraduate,6.2,7.2,3.7,0.2,3.5,2,8,7,3.12,FALSE,TRUE
569,20,Male,High School,9,3.1,1.6,3.4,0,3,6,8,3.35,TRUE,FALSE
570,19,Male,Undergraduate,7,8.5,3.5,4.6,2,6,6,4,3.55,FALSE,FALSE
571,21,Female,Graduate,6.9,7.1,3.4,2,2,1,9,10,3.34,FALSE,TRUE
572,20,Female,High School,7.2,4,4.4,1.3,5.4,2,10,10,3.14,FALSE,TRUE
573,19,Male,High School,7.5,5.6,4.9,4.5,2,3,6,7,2.8,FALSE,FALSE
574,22,Female,High School,5.9,7.5,3,4.8,3.8,1,9,10,2.89,FALSE,TRUE
575,21,Female,High School,7.2,6.6,4,2.6,2.7,3,7,9,3.2,TRUE,TRUE
576,22,Male,Graduate,8.3,6.2,4.2,1.4,7.5,3,9,10,3.1,FALSE,TRUE
577,18,Female,High School,6.8,9.6,6.7,4.9,0,2,7,9,3.19,TRUE,TRUE
578,22,Female,Undergraduate,7.2,4,2.9,2.2,0,1,7,9,2.9,FALSE,TRUE
579,23,Female,Graduate,8,5.5,2.8,5,2.1,4,6,7,3.19,TRUE,FALSE
580,17,Female,High School,7.7,5.4,2.9,2.2,7.8,1,7,7,3.32,FALSE,TRUE
581,22,Male,Undergraduate,6.8,8,4.2,4.1,1.3,0,9,7,2.52,FALSE,TRUE
582,17,Female,High School,6.8,6.5,3.9,3.3,6,1,6,4,3.02,TRUE,FALSE
583,22,Female,Graduate,7.5,5.1,3.3,3.3,3.5,1,6,8,3.53,FALSE,FALSE
584,22,Female,High School,7.3,6.1,4.8,3.5,4.9,1,5,7,3.88,TRUE,FALSE
585,15,Female,Undergraduate,7,7.2,4.9,3.5,7.8,1,7,9,3.63,TRUE,TRUE
586,19,Male,Graduate,7.4,6.9,4.4,3.8,5.3,3,7,7,3.27,TRUE,TRUE
587,14,Female,Undergraduate,9.3,5,2.2,2.7,7.3,0,4,5,3.94,FALSE,FALSE
588,19,Female,High School,9.7,1.8,1,6,8.5,1,6,7,3.35,FALSE,FALSE
589,21,Female,Undergraduate,8,4.7,3.4,0.3,3.5,3,6,7,3.41,FALSE,FALSE
590,21,Non-binary,Undergraduate,7.8,7.3,4.3,4.8,3.3,1,10,10,2.61,FALSE,TRUE
591,17,Female,Undergraduate,6.2,8.9,5.3,3.5,6,1,8,10,3.26,FALSE,TRUE
592,23,Male,Graduate,6.3,7,3.2,1.2,0.9,3,7,9,3.5,FALSE,TRUE
593,26,Female,Graduate,9.2,5.2,2.6,4.3,3,1,6,5,3.08,FALSE,FALSE
594,18,Male,Undergraduate,7.1,7.3,3.9,4,6.3,3,8,6,3.04,TRUE,TRUE
595,24,Female,Undergraduate,7.3,8.8,5.7,5.1,7.7,3,6,7,3.19,TRUE,FALSE
596,19,Female,High School,7,7.8,3,1.5,6.5,1,8,6,3.1,TRUE,TRUE
597,25,Female,Undergraduate,7.3,9.5,5.5,5,3.4,1,6,8,2.74,FALSE,FALSE
598,24,Prefer not to say,Undergraduate,9.6,5.1,3.4,2.9,5.1,1,5,3,3.88,TRUE,FALSE
599,19,Non-binary,High School,7.4,4.4,0.6,2.7,1.9,1,8,8,3.49,TRUE,TRUE
600,19,Female,Undergraduate,7.1,9.2,5.9,3.4,4.9,1,9,9,3.05,TRUE,TRUE
601,20,Female,High School,6.6,8.2,4.8,5.4,0.6,1,8,9,2.65,FALSE,TRUE
602,19,Male,Undergraduate,6.6,9.4,3.7,4.4,9.2,1,7,6,2.5,FALSE,TRUE
603,22,Male,Undergraduate,6.2,7.3,6,3.2,6.7,2,8,10,2.81,FALSE,TRUE
604,20,Male,Undergraduate,8.4,2.3,1.1,6.8,4.4,1,6,7,3.49,TRUE,FALSE
605,16,Male,Undergraduate,7.4,5.1,0.4,5,2.4,1,8,6,3.23,TRUE,TRUE
606,17,Female,High School,8.4,6.4,4.6,4.1,6.6,2,7,6,2.87,FALSE,TRUE
607,18,Female,High School,7.5,4.7,3,3.4,0,2,7,5,3.33,TRUE,TRUE
608,22,Female,Undergraduate,7.1,7.4,4.5,1.7,0.5,2,8,7,3.19,TRUE,TRUE
609,19,Female,Undergraduate,8.5,5.3,2.5,6.1,0.8,0,9,10,2.86,FALSE,TRUE
610,17,Male,High School,8.9,3.5,1.5,7.1,8.7,4,4,6,3.66,TRUE,FALSE
611,24,Male,Undergraduate,7.9,8.6,4.5,4.8,0.3,1,9,10,3.29,TRUE,TRUE
612,22,Male,Undergraduate,7.8,7.7,5,2.8,0.6,2,7,5,3.59,FALSE,TRUE
613,20,Male,Undergraduate,8.1,5.1,2.5,3,7.5,4,5,3,4,FALSE,FALSE
614,16,Male,Undergraduate,7.6,5.5,3.1,2.3,1.2,3,5,3,3.04,TRUE,FALSE
615,18,Male,Undergraduate,7.6,5.3,3.8,4.3,3,2,6,8,3.88,TRUE,FALSE
616,14,Non-binary,Undergraduate,6.9,8.3,5.4,3.5,5.9,2,5,7,3.78,FALSE,FALSE
617,20,Male,Undergraduate,6.2,8.1,4.7,1.9,1,4,9,10,2.9,FALSE,TRUE
618,18,Male,Undergraduate,7.5,5,2.3,3.7,5.4,3,8,10,3.96,TRUE,TRUE
619,21,Male,Undergraduate,7.9,5.8,1.7,1.6,2.9,4,6,8,3.33,FALSE,FALSE
620,26,Male,High School,5.4,9.3,6.5,5,0,0,10,9,3.1,TRUE,TRUE
621,18,Female,Undergraduate,5.7,7.4,4,5.4,3,1,7,8,2.98,TRUE,TRUE
622,18,Female,High School,5.4,7.6,4.2,5.8,8.3,0,8,6,2.77,FALSE,TRUE
623,21,Male,Graduate,5.3,10,4.3,3.8,0,0,10,10,2.58,FALSE,TRUE
624,18,Male,Graduate,6.9,7.3,3.8,2.6,8.8,5,7,7,2.89,FALSE,TRUE
625,16,Female,Graduate,7.4,5.8,2.8,0,3.7,3,7,9,3.01,TRUE,TRUE
626,15,Female,Graduate,6.9,5.7,3.4,4.3,1.7,2,7,5,3.21,FALSE,TRUE
627,17,Female,Graduate,6.9,5.5,3.6,3.5,2.7,1,6,8,3.47,FALSE,FALSE
628,18,Female,Undergraduate,5.9,8.6,3.8,7.6,8.4,1,6,8,3.69,FALSE,FALSE
629,20,Male,High School,7.1,8.2,4.8,4.6,0.3,3,9,10,3.13,FALSE,TRUE
630,23,Female,Graduate,6.8,7.6,4.4,3.1,3.9,1,9,7,2.74,FALSE,TRUE
631,20,Female,High School,7.4,7,4.9,4,2.3,3,8,8,3.36,TRUE,TRUE
632,20,Prefer not to say,High School,6.7,8.1,5.5,4.6,4,2,9,10,3.01,FALSE,TRUE
633,22,Female,Undergraduate,7.7,3.9,1.3,6.2,4.5,4,5,6,3.74,FALSE,FALSE
634,21,Female,Undergraduate,7.5,6.5,4.1,3.7,2.9,2,8,6,2.77,TRUE,TRUE
635,19,Male,Undergraduate,7.7,6,4.4,3.2,4.3,2,7,9,3.14,TRUE,TRUE
636,23,Male,Undergraduate,9.2,3.5,2.5,0.9,2.7,1,6,7,3.76,TRUE,FALSE
637,16,Female,Undergraduate,7.4,8.2,2.5,3.6,2.5,2,10,10,2.86,FALSE,TRUE
638,18,Male,Undergraduate,8.6,6.7,3.2,3.4,3.7,1,9,10,2.97,FALSE,TRUE
639,21,Female,High School,6.5,7.2,3.3,2.2,3.6,2,10,9,3.16,TRUE,TRUE
640,23,Male,Undergraduate,6.5,6.7,4.3,2,3.1,3,8,7,3.23,TRUE,TRUE
641,19,Male,High School,7.5,4.5,0.6,0.5,5.2,2,5,7,3.74,FALSE,FALSE
642,16,Female,High School,8.8,3.6,3.9,1.5,5.8,1,6,6,3.44,FALSE,FALSE
643,23,Male,High School,7.9,2.8,2.2,1.7,6.1,3,6,4,3.91,FALSE,FALSE
644,20,Male,Undergraduate,8.7,5.1,3.1,1.8,1.1,4,7,9,3.18,FALSE,TRUE
645,18,Male,High School,6.3,6.9,3,3.2,3.4,2,7,7,2.77,FALSE,TRUE
646,20,Female,High School,5.6,9.6,4.2,4.7,0,2,8,9,2.64,FALSE,TRUE
647,19,Male,Undergraduate,8.7,2.1,1.9,3.2,2.6,4,6,8,3.88,FALSE,FALSE
648,19,Female,Undergraduate,10.2,2,0.3,1.1,2.8,3,4,6,4,FALSE,FALSE
649,17,Female,Graduate,8.2,5.2,0,2.7,3.8,3,6,6,4,FALSE,FALSE
650,18,Female,Graduate,7.4,8,4,2.6,4.4,0,6,5,3.9,FALSE,FALSE
651,22,Non-binary,High School,6.4,7.6,2.2,5.4,2.4,2,8,9,3.37,TRUE,TRUE
652,17,Male,Undergraduate,7.2,6,3.3,3,2.7,4,7,6,3.26,FALSE,TRUE
653,22,Male,Undergraduate,8.9,2.2,1.9,3.9,1.7,3,6,8,3.49,FALSE,FALSE
654,19,Male,High School,7,3,1,5,0.1,1,5,6,3.91,TRUE,FALSE
655,18,Male,Graduate,6.5,8.9,6.3,3.5,4.5,0,8,9,2.64,FALSE,TRUE
656,18,Male,Undergraduate,8.3,7.2,4.8,4.2,5.5,5,6,4,3.31,FALSE,FALSE
657,19,Female,Undergraduate,7.8,8.6,3.9,3.2,0,1,7,9,3.34,FALSE,TRUE
658,17,Female,High School,8.6,8.2,4,2.6,0.7,1,9,10,3.17,FALSE,TRUE
659,18,Female,Undergraduate,5.8,11.1,6.6,3.3,2.4,3,10,10,2.9,FALSE,TRUE
660,21,Male,Undergraduate,6.5,5.5,2.7,3.5,2.8,3,8,10,3.15,FALSE,TRUE
661,20,Female,High School,7.3,5.7,2.6,2.2,3.3,1,7,9,2.42,FALSE,TRUE
662,17,Male,High School,7.3,7.3,3.8,3.7,6.3,1,9,8,2.65,FALSE,TRUE
663,15,Female,High School,7.4,9,2.9,4.6,0.9,1,9,7,2.9,FALSE,TRUE
664,21,Prefer not to say,Undergraduate,8.6,2.9,1.5,2.6,6.8,1,6,4,3.82,TRUE,FALSE
665,19,Male,High School,8.1,5.3,4.9,0.5,0,2,7,7,2.97,FALSE,TRUE
666,19,Female,Undergraduate,7.2,6.2,3.2,5,3.1,2,8,8,3.59,TRUE,TRUE
667,24,Male,Undergraduate,7.1,6.6,5.2,3.1,3.1,1,8,10,3.16,FALSE,TRUE
668,20,Male,High School,6.4,8,4.4,3.5,7,0,6,4,3.11,TRUE,FALSE
669,18,Female,Undergraduate,5.5,9.6,5.9,5.8,2.1,1,10,10,2.8,FALSE,TRUE
670,20,Male,High School,6.5,8.4,4.1,2.7,2.8,2,8,9,3.07,TRUE,TRUE
671,18,Male,Undergraduate,7.6,6.7,5,2.8,7.5,1,5,5,3.64,TRUE,FALSE
672,22,Female,Undergraduate,7.8,6.8,4,2.6,5.1,1,8,6,3.79,TRUE,TRUE
673,21,Female,Undergraduate,7.6,6.7,1.8,5.6,2.1,2,8,7,3.27,TRUE,TRUE
674,18,Male,Undergraduate,6.4,10.6,6.6,2.6,6.6,2,7,7,2.98,TRUE,TRUE
675,22,Female,Undergraduate,6.5,8.3,4.5,1,2.1,1,9,8,3.13,TRUE,TRUE
676,20,Male,High School,9.2,4.2,1.3,3.2,1,4,9,7,3.54,FALSE,TRUE
677,20,Male,High School,7.6,6.2,2.5,4.6,6.1,6,8,7,3.05,TRUE,TRUE
678,19,Female,Undergraduate,7.7,4.8,3.7,2,1.6,2,8,7,3.64,TRUE,TRUE
679,20,Male,High School,7.3,8.9,5.9,2.8,2.2,2,8,7,2.99,FALSE,TRUE
680,21,Female,Undergraduate,9.6,2.9,0.8,5.1,5.5,2,1,1,4,FALSE,FALSE
681,17,Female,High School,8.4,5.3,2.5,3.7,5.9,4,8,10,2.87,FALSE,TRUE
682,24,Female,Undergraduate,8.3,5.5,1.8,1.4,0.7,0,9,7,3.56,FALSE,TRUE
683,19,Female,High School,7.4,5.5,1.5,5.6,6.1,2,4,2,3.62,TRUE,FALSE
684,18,Male,Graduate,9.2,4.7,4,1.5,1.6,0,6,6,3.95,FALSE,FALSE
685,18,Male,Undergraduate,8.7,5.9,4.7,3.4,0,0,6,4,3.43,FALSE,FALSE
686,18,Female,High School,6.9,8.7,4.9,5,3.2,6,10,10,2.74,FALSE,TRUE
687,22,Female,High School,7.2,7.2,3,2.8,1.9,2,10,8,2.78,FALSE,TRUE
688,19,Non-binary,Undergraduate,7.7,7.5,5,4.3,4.2,4,4,3,3.41,FALSE,FALSE
689,18,Male,Undergraduate,6.9,8.6,5.3,6.9,5.3,2,10,10,3.29,FALSE,TRUE
690,21,Prefer not to say,High School,8.5,8.2,4.3,2.2,3.4,2,7,9,3.25,TRUE,TRUE
691,19,Female,Graduate,9.6,2.6,1.6,3.5,1.6,1,3,3,3.84,FALSE,FALSE
692,18,Male,Undergraduate,7,6.6,3.9,5.7,4.1,1,7,9,3.08,TRUE,TRUE
693,16,Female,Undergraduate,7.2,6.5,3.6,4,1.7,0,8,9,3.15,TRUE,TRUE
694,17,Female,Undergraduate,7.3,3.6,1.8,4.5,4.8,1,6,6,3.51,FALSE,FALSE
695,19,Male,Undergraduate,7.8,9.8,6,5,6.7,3,8,6,3.08,TRUE,TRUE
696,16,Female,High School,8.7,3.9,1.5,1.3,4.8,1,5,6,4,FALSE,FALSE
697,24,Male,Undergraduate,6.5,5.4,2,4.8,1.1,0,6,5,3.29,TRUE,FALSE
698,21,Female,High School,7.1,6.1,1.9,1.8,6.6,2,9,8,3.14,FALSE,TRUE
699,19,Female,Undergraduate,5.7,8.4,3.6,1.7,0,2,9,10,2.9,TRUE,TRUE
700,22,Female,High School,7.7,5.9,4,3.9,0,2,8,10,3.69,FALSE,TRUE
701,18,Male,Graduate,7.5,4.7,3.5,2.2,3.1,1,7,8,3.41,FALSE,TRUE
702,26,Male,Undergraduate,6.2,9.8,5.5,3.8,4,1,9,10,2.58,TRUE,TRUE
703,23,Prefer not to say,Undergraduate,8.3,7.2,,3.6,4,1,6,7,3.25,TRUE,FALSE
704,22,Female,Undergraduate,8.5,3.4,0.1,2.2,7.4,2,6,4,3.33,FALSE,FALSE
705,22,Male,Undergraduate,7.5,6.8,,1.9,2.9,4,8,7,3.28,FALSE,TRUE
706,15,Female,Graduate,6.7,8,,2.5,3.6,1,9,8,2.43,FALSE,TRUE
707,19,Female,Graduate,7.2,7.2,,3.8,0.7,2,9,10,3.41,FALSE,TRUE
708,14,Female,High School,7.4,7.9,,6.6,5.3,3,5,7,3.8,FALSE,FALSE
709,21,Male,Undergraduate,8.4,7.3,,1.3,0,2,7,5,2.87,FALSE,TRUE
710,20,Female,Undergraduate,8,5,,1.7,0,0,6,5,3.31,FALSE,FALSE
711,24,Male,Undergraduate,8,2.9,,4.5,3.4,3,9,10,3.5,TRUE,TRUE
712,22,Female,Graduate,6.9,9.2,,1.9,4.9,1,10,10,2.64,FALSE,TRUE
713,17,Male,Undergraduate,7.6,6.2,,3.1,7.2,2,6,7,2.63,FALSE,FALSE
714,14,Male,Undergraduate,9.5,7.2,2.1,4,2.3,1,7,7,4,FALSE,TRUE
715,18,Male,High School,7.3,6.1,3.9,4.6,6,1,6,8,2.91,TRUE,FALSE
716,17,Male,Undergraduate,7.7,5.9,2.3,2.7,3,4,7,9,3.12,TRUE,TRUE
717,19,Female,High School,7.4,8.6,5.7,1.6,6.2,2,7,7,3.2,FALSE,TRUE
718,17,Female,Undergraduate,7.7,6.2,2.7,4.3,3.7,2,8,9,3.5,TRUE,TRUE
719,22,Non-binary,Undergraduate,7.8,8,5.1,4.6,6.5,1,7,9,3.44,TRUE,TRUE
720,23,Male,Undergraduate,8.5,3.1,2.1,3.3,6.8,2,7,8,3.14,FALSE,TRUE
721,17,Male,High School,8,3.4,0.7,1.6,3.1,0,8,10,3.65,FALSE,TRUE
722,28,Non-binary,High School,8.2,4.9,3.5,5.3,10.6,2,4,2,3.37,FALSE,FALSE
723,19,Non-binary,Graduate,9.1,1.3,0,4.5,6.4,0,5,4,3.21,FALSE,FALSE
724,17,Male,High School,7.9,6.8,5.1,3,2.2,4,7,9,3.78,TRUE,TRUE
725,24,Male,High School,7.7,4,3,3.3,1.6,1,6,6,3.67,TRUE,FALSE
726,24,Male,High School,8.1,5.7,3.9,5.8,4.1,1,8,8,3.34,FALSE,TRUE
727,20,Female,Undergraduate,8.7,5.6,4.2,4.8,2.7,2,7,5,3.85,FALSE,TRUE
728,23,Male,Undergraduate,6.5,5.1,2.6,4.8,3.8,1,6,5,3.06,FALSE,FALSE
729,18,Male,Undergraduate,8.3,3.3,2.4,6,2.7,0,5,6,3.17,FALSE,FALSE
730,18,Male,Undergraduate,6.5,7.5,4.1,4.7,2.4,2,9,7,2.58,TRUE,TRUE
731,21,Female,Undergraduate,7.7,7.9,4.4,1.3,3.5,2,7,6,3.3,FALSE,TRUE
732,19,Female,Undergraduate,7.1,7.7,3.7,1.4,5.1,1,8,7,3.51,FALSE,TRUE
733,17,Male,Undergraduate,7.1,5.9,2,2.8,2.9,2,7,7,2.94,FALSE,TRUE
734,20,Male,Undergraduate,7.1,6.2,3.3,3.1,5.1,1,9,10,2.97,TRUE,TRUE
735,20,Female,Undergraduate,9.6,3.7,1.7,2.7,0.4,1,7,6,3.76,TRUE,TRUE
736,19,Non-binary,Undergraduate,7.4,6,4.6,3.6,5.5,3,7,5,3.57,TRUE,TRUE
737,22,Female,Undergraduate,7.6,5.8,2.7,3,2,4,8,10,3.11,TRUE,TRUE
738,24,Female,Undergraduate,7.6,7,3.1,2,3.9,0,6,4,3.9,FALSE,FALSE
739,16,Female,Undergraduate,7.2,4.6,2.7,0.8,0.6,0,6,6,3.71,FALSE,FALSE
740,22,Male,Undergraduate,8.2,6.4,2.4,3,0,6,8,6,3.05,TRUE,TRUE
741,26,Female,Undergraduate,6.7,5.8,1.7,5.9,3.3,4,8,9,3.3,TRUE,TRUE
742,14,Female,Undergraduate,7.6,7.9,4.2,5,0,0,7,9,3.05,FALSE,TRUE
743,22,Male,High School,6,9.7,5.4,4.8,3.5,1,9,8,2.73,FALSE,TRUE
744,21,Female,Undergraduate,6.9,8.1,4.6,4,8.9,1,7,8,3.65,FALSE,TRUE
745,19,Prefer not to say,Graduate,8.3,6.3,2.4,2.6,8.4,1,6,4,3.5,FALSE,FALSE
746,16,Female,Undergraduate,7.1,5.7,1.7,4.2,1.9,2,8,8,3.52,FALSE,TRUE
747,21,Female,High School,7,7.3,4.1,3.1,3,0,7,5,3.37,FALSE,TRUE
748,22,Female,High School,8.1,2.6,2.1,3.5,6.4,3,5,4,4,FALSE,FALSE
749,19,Female,Undergraduate,8,5.5,3.2,4.2,6.2,1,6,4,3.33,FALSE,FALSE
750,20,Female,Undergraduate,6.3,7.3,3.8,3.9,3.3,0,8,9,3.1,TRUE,TRUE
751,14,Prefer not to say,Undergraduate,7.7,4.1,2.6,2.7,3.5,1,5,7,3.61,TRUE,FALSE
752,21,Male,Undergraduate,7.7,6.3,4.3,2.3,3.4,1,6,7,2.82,FALSE,FALSE
753,17,Male,Undergraduate,8.6,7.9,4.3,5.4,3.4,0,6,4,2.77,FALSE,FALSE
754,19,Female,High School,7.2,7.9,4.2,2.8,2.9,1,8,7,3.01,FALSE,TRUE
755,17,Male,Undergraduate,8,3.8,1.2,6.3,4.5,3,6,6,4,FALSE,FALSE
756,18,Female,Undergraduate,7.9,3.9,3,3.9,0,0,7,9,2.83,TRUE,TRUE
757,22,Male,Undergraduate,9.3,5.4,1.3,4.5,1.1,0,6,5,4,TRUE,FALSE
758,16,Male,Graduate,7.6,8.5,4.2,2.7,3.3,0,7,5,3.26,TRUE,TRUE
759,19,Male,Undergraduate,6.8,5.4,2.9,2.6,8.3,2,5,6,2.43,FALSE,FALSE
760,18,Prefer not to say,Undergraduate,5.8,6.5,2.6,0.1,4.3,3,9,7,3.17,FALSE,TRUE
761,23,Male,High School,6.4,6.6,2.2,5.2,3.9,0,9,7,2.68,FALSE,TRUE
762,19,Male,High School,7.5,6.7,4.6,2.8,6,6,8,8,3.41,TRUE,TRUE
763,16,Female,High School,7.3,6.9,3.4,3.5,4.3,2,7,5,2.94,FALSE,TRUE
764,20,Male,High School,6.9,8.9,4.6,3,2.1,3,9,10,2.94,FALSE,TRUE
765,15,Female,High School,8.8,6.3,2.4,4.1,4.8,0,8,7,3.52,FALSE,TRUE
766,21,Male,Graduate,8,4.9,3.4,2.7,5.2,1,3,2,3.52,TRUE,FALSE
767,14,Prefer not to say,Graduate,7.3,7.1,2.7,3,3.4,1,8,8,2.67,FALSE,TRUE
768,20,Male,Graduate,8.6,1.5,0.6,4.8,6.1,1,5,5,3.83,FALSE,FALSE
769,22,Male,High School,7.8,6,4.8,4.1,8.6,0,6,7,3.44,FALSE,FALSE
770,17,Female,High School,8.8,3.3,3.2,4.3,3.1,0,5,7,3.56,FALSE,FALSE
771,24,Male,High School,7.6,5.8,2.5,2.3,2.8,0,8,8,2.94,FALSE,TRUE
772,20,Male,Graduate,5.9,8.6,6,5.5,4.4,2,8,8,2.7,FALSE,TRUE
773,14,Male,High School,7.8,2.3,1,3.6,7.4,2,6,4,4,FALSE,FALSE
774,18,Male,Undergraduate,8.4,4.4,1.1,1,2.5,1,7,7,3.32,TRUE,TRUE
775,23,Female,High School,6.6,6.7,3.3,4.3,3,2,8,7,3.41,FALSE,TRUE
776,20,Female,Undergraduate,6.8,7.9,3.8,1.9,3.3,2,10,10,2.73,FALSE,TRUE
777,14,Female,Undergraduate,5.3,8.7,6.5,3.7,4.5,1,7,7,3.09,FALSE,TRUE
778,23,Male,Undergraduate,8.3,5.8,1.5,1.5,3.3,6,5,3,3.69,FALSE,FALSE
779,19,Female,Undergraduate,7.5,4.5,1.8,3.6,6.5,3,5,5,3.89,TRUE,FALSE
780,20,Male,Graduate,5.7,6.5,3.8,3.3,5.1,1,8,10,2.63,FALSE,TRUE
781,16,Female,High School,8.1,6,5,2.7,3.7,3,8,8,4,FALSE,TRUE
782,19,Female,Undergraduate,5.8,8.2,6,6.7,1.1,1,7,9,2.87,FALSE,TRUE
783,18,Male,Undergraduate,6.1,7.9,3.8,2,2.8,1,10,10,2.32,TRUE,TRUE
784,20,Female,High School,8,6.7,3.5,2.9,4.4,2,6,5,3.43,TRUE,FALSE
785,20,Male,High School,7.4,4.6,2,1.9,3.6,3,7,9,3.12,FALSE,TRUE
786,23,Male,Undergraduate,9.2,5.3,3.9,4.4,3.3,1,8,10,3.35,TRUE,TRUE
787,21,Male,Undergraduate,6.3,6.6,4.7,4.9,4.8,2,7,6,2.71,FALSE,TRUE
788,21,Male,Graduate,8,9,4.9,4.2,4.1,2,8,6,3.06,FALSE,TRUE
789,20,Male,High School,7,5,3,4,0,2,7,5,3.54,TRUE,TRUE
790,20,Female,Undergraduate,6.9,7.2,2,4.3,7.4,1,8,7,3.06,TRUE,TRUE
791,24,Female,High School,6.2,7.9,4.2,2.9,2,3,10,10,2.39,FALSE,TRUE
792,19,Male,High School,7.2,10.3,5.9,1.8,3.4,2,10,10,2.9,TRUE,TRUE
793,16,Female,Undergraduate,8,8.5,6.1,2,4.8,4,8,9,2.94,TRUE,TRUE
794,14,Male,Undergraduate,7.3,5.5,2.2,2.5,6.6,1,9,8,3.33,FALSE,TRUE
795,16,Female,Undergraduate,8.6,1.4,0,4.8,4.3,5,6,5,3.65,TRUE,FALSE
796,23,Male,High School,6.8,4.3,2.6,2.9,0,2,9,10,3.26,FALSE,TRUE
797,19,Male,High School,8.7,5.2,3,3.7,6,5,7,9,3.44,FALSE,TRUE
798,20,Female,High School,7,4.9,1.7,5,5.1,0,6,4,3.04,FALSE,FALSE
799,18,Female,Undergraduate,6.7,5.1,2.3,5.9,8.1,1,6,5,3.4,FALSE,FALSE
800,20,Female,Undergraduate,8.3,3.1,2.3,4.3,4,0,4,3,3.49,FALSE,FALSE
801,18,Female,Undergraduate,6.8,7.1,1.8,3,3.8,0,7,8,3.23,TRUE,TRUE
802,19,Male,Undergraduate,6.8,6.5,4.8,1.1,6.1,2,8,6,3.19,TRUE,TRUE
803,20,Male,Graduate,8.3,2.7,1.1,4.1,5.5,2,6,7,3.56,TRUE,FALSE
804,20,Female,Graduate,5.4,11.8,6.6,3.8,2.4,2,10,10,2.37,FALSE,TRUE
805,15,Female,Undergraduate,6.7,9.3,5.7,3.5,0,1,10,9,2.34,FALSE,TRUE
806,19,Female,Undergraduate,7.9,8.1,4.6,2.5,5.8,2,4,4,3.7,TRUE,FALSE
807,17,Male,Graduate,5.5,6.3,3,3.8,2.8,2,8,10,3.36,FALSE,TRUE
808,16,Female,Undergraduate,7.8,5.9,4.3,3.9,6.1,3,9,8,2.68,TRUE,TRUE
809,20,Female,Graduate,8.2,7.3,4.1,2.6,3.4,3,4,3,3.54,TRUE,FALSE
810,16,Male,Undergraduate,7.3,7.6,3.2,1,5.7,3,6,4,3.47,TRUE,FALSE
811,16,Female,Undergraduate,9.1,3.9,3.2,3.3,1.4,2,5,7,3.94,FALSE,FALSE
812,17,Male,Undergraduate,7.6,7.6,1.9,4.7,6.7,1,8,6,3.26,FALSE,TRUE
813,16,Female,Undergraduate,7.6,6.5,3.7,2.9,8.3,1,8,6,2.72,FALSE,TRUE
814,14,Male,High School,5.7,8.4,5.7,3.2,4.2,2,10,9,2.42,FALSE,TRUE
815,19,Female,Undergraduate,5.3,9.6,5.8,3.6,2.3,2,9,10,2.59,FALSE,TRUE
816,20,Male,Undergraduate,7.3,3.5,2.4,4.9,2.4,1,6,8,3.39,FALSE,FALSE
817,23,Female,Undergraduate,7.8,7.8,3.5,1.7,2.9,0,6,7,2.77,TRUE,FALSE
818,19,Female,Undergraduate,7.1,7,3.1,2.6,1.8,0,9,8,3.3,TRUE,TRUE
819,19,Male,Undergraduate,7,8.7,5.1,1.1,1.2,1,7,9,3.18,FALSE,TRUE
820,20,Female,Graduate,7.5,6.9,4.4,2.6,4,1,6,6,2.92,FALSE,FALSE
821,22,Female,Graduate,7.3,6,4.8,0.6,4.5,2,8,7,3.09,FALSE,TRUE
822,24,Female,Undergraduate,7.4,6.3,3.1,2.5,2.3,1,9,10,3.1,FALSE,TRUE
823,20,Female,Undergraduate,9.1,3.5,3,5.1,1.4,1,6,7,3.67,FALSE,FALSE
824,24,Female,Undergraduate,7.2,5.9,2,2.9,3.2,3,8,6,3.27,TRUE,TRUE
825,24,Male,Undergraduate,7.2,7.9,5.2,3.6,2.5,0,7,8,2.56,FALSE,TRUE
826,18,Male,High School,6.5,7.8,4.8,1.9,0,1,7,9,3.16,FALSE,TRUE
827,14,Male,Undergraduate,7.4,6.1,2.1,4.1,5.4,1,5,3,3.33,FALSE,FALSE
828,16,Male,Graduate,7.4,9.8,5.7,3.2,0.7,2,9,10,3,TRUE,TRUE
829,18,Female,High School,7.5,6.2,3.1,2.7,5,2,6,4,3,TRUE,FALSE
830,18,Male,Graduate,6.3,8.6,5.1,5,5.1,0,8,9,3.07,FALSE,TRUE
831,18,Female,Undergraduate,9,3.6,1.1,2.6,0,0,7,9,3.49,FALSE,TRUE
832,16,Male,Undergraduate,8.1,7.5,4,5.1,9.2,3,5,5,3.04,TRUE,FALSE
833,21,Male,Undergraduate,9.3,6.7,3.3,2.1,0,3,6,4,2.77,FALSE,FALSE
834,17,Female,Graduate,7.8,5.8,2.8,4.6,3.8,2,8,7,2.79,TRUE,TRUE
835,19,Female,Undergraduate,6.3,7.8,3.4,5.1,8.6,2,8,7,3.03,FALSE,TRUE
836,19,Male,Undergraduate,6.7,7,4.6,0.9,1.5,2,7,7,3.29,FALSE,TRUE
837,21,Male,Undergraduate,6.8,7.5,6.2,0,7.7,1,7,7,2.85,FALSE,TRUE
838,21,Male,High School,7.5,7.7,4.4,4.4,5,1,6,5,2.99,FALSE,FALSE
839,22,Female,Undergraduate,7,5.2,4.9,3.2,3.5,0,9,10,3.25,TRUE,TRUE
840,22,Female,Undergraduate,6.7,10.4,6.3,4.2,2.5,2,10,8,2.62,FALSE,TRUE
841,25,Male,High School,5.5,9.9,4.5,2.3,6,2,10,8,2.6,TRUE,TRUE
842,20,Prefer not to say,High School,7.2,6.4,4.1,5.5,5.1,1,4,2,4,FALSE,FALSE
843,20,Male,Undergraduate,6.4,7.6,4.1,4.4,2.7,2,7,9,3.22,TRUE,TRUE
844,20,Male,Undergraduate,7.4,4.8,3.4,4.1,1.7,1,8,9,3.52,FALSE,TRUE
845,20,Male,Undergraduate,9.2,3.7,1.6,2.5,0,4,8,7,3.6,FALSE,TRUE
846,19,Female,Undergraduate,5.8,7.8,5.2,3.3,6.8,1,7,9,2.78,TRUE,TRUE
847,17,Female,Undergraduate,7.1,9.7,4.2,4.5,0.7,1,8,9,3.38,FALSE,TRUE
848,17,Male,Undergraduate,7.7,5.9,3.4,3.2,2.6,2,6,6,3.05,FALSE,FALSE
849,20,Female,Undergraduate,7.3,7.1,3.6,3.4,1.7,5,6,6,3.83,TRUE,FALSE
850,16,Female,Undergraduate,8.4,4.6,3.1,2.1,1.2,7,6,8,3.51,FALSE,FALSE
851,18,Female,High School,8.3,3.1,1.3,3.2,1.9,2,6,4,3.88,TRUE,FALSE
852,22,Female,Undergraduate,6.9,5.4,1.3,2.5,7.6,1,8,7,3.26,TRUE,TRUE
853,19,Prefer not to say,Undergraduate,9.7,6.4,2.6,1.9,0,0,7,6,3.13,TRUE,TRUE
854,19,Male,Undergraduate,6,8.7,4.4,5.3,4.2,2,8,8,2.71,FALSE,TRUE
855,20,Male,Undergraduate,9.2,3.8,1.2,4.1,6.3,1,7,8,3.65,FALSE,TRUE
856,22,Male,Undergraduate,7.1,4.2,2.9,2.2,9.2,2,7,7,2.83,TRUE,TRUE
857,16,Female,High School,10,4.2,2.4,4.7,0.6,2,5,4,4,FALSE,FALSE
858,20,Female,Graduate,5.6,9.4,3.9,1,1.7,3,10,9,2.53,FALSE,TRUE
859,14,Male,Undergraduate,5.9,10.1,5.5,1,0,5,7,8,3.03,FALSE,TRUE
860,22,Male,Undergraduate,4.8,10.7,5,2.7,1.7,1,10,10,2.19,FALSE,TRUE
861,19,Female,Undergraduate,6.1,9.4,5.3,5,4.6,1,9,9,2.76,FALSE,TRUE
862,23,Male,Undergraduate,7.5,7.1,4.2,4.5,3.1,1,7,9,3.94,TRUE,TRUE
863,23,Female,Undergraduate,7.1,6.5,4.3,1.5,7.9,2,6,5,3.24,TRUE,FALSE
864,19,Male,Undergraduate,8,8.1,4.7,3.3,6,2,5,3,3.32,FALSE,FALSE
865,17,Male,Undergraduate,7.5,6.1,4,5.4,2.5,1,7,6,3.4,TRUE,TRUE
866,20,Female,Undergraduate,6.8,9.9,3.4,3.2,0.3,1,10,10,3.22,FALSE,TRUE
867,20,Male,High School,7.1,7.7,2.1,4.2,4.1,1,7,7,3.29,FALSE,TRUE
868,19,Male,High School,7,5.9,2.8,4.5,3.1,0,8,10,3.41,FALSE,TRUE
869,22,Female,Graduate,9.4,5.2,2.7,4.6,5.6,0,5,4,3.62,TRUE,FALSE
870,24,Female,Graduate,7.6,6.8,4.7,3.6,3.3,4,8,7,2.95,FALSE,TRUE
871,21,Male,Undergraduate,7.4,6.2,3.3,4.1,4.6,2,5,4,3.25,TRUE,FALSE
872,21,Female,High School,6,8,4.3,5.9,3.5,1,6,6,2.89,TRUE,FALSE
873,24,Male,Graduate,7.8,7.1,4.2,5,5.4,1,7,5,2.89,TRUE,TRUE
874,21,Female,Undergraduate,7.2,6.7,3.2,2.7,7.8,2,7,7,2.94,FALSE,TRUE
875,20,Female,Graduate,6.4,11.7,7.2,2.1,1.6,2,9,9,3.21,TRUE,TRUE
876,19,Prefer not to say,Undergraduate,6.9,8.3,5.2,1.9,4.2,2,8,9,3.18,FALSE,TRUE
877,15,Male,Undergraduate,8,7.7,3.8,3.7,0,1,8,8,3.02,FALSE,TRUE
878,22,Male,Undergraduate,9.1,5.1,2.2,0.8,5.8,4,2,1,3.98,FALSE,FALSE
879,22,Male,High School,8.3,2.5,0,2.2,2.3,4,6,4,3.9,FALSE,FALSE
880,17,Female,Undergraduate,5.8,13,8.4,3.6,7,2,6,8,3.03,FALSE,FALSE
881,18,Male,High School,6.6,6,4.6,4.9,2.7,4,7,7,2.54,FALSE,TRUE
882,15,Female,High School,7.7,3.7,2.2,5.3,5.8,0,6,8,4,FALSE,FALSE
883,18,Female,Graduate,7,6.2,3.5,2.5,3.6,2,7,8,2.44,FALSE,TRUE
884,22,Female,Undergraduate,6.9,7.7,3.3,4.4,0,2,7,5,3.61,FALSE,TRUE
885,20,Female,Undergraduate,6.2,7.6,5.2,1.9,1.8,2,8,9,3.13,FALSE,TRUE
886,21,Female,Undergraduate,8,3.5,2,4.6,3.3,1,4,6,4,FALSE,FALSE
887,18,Female,High School,8.6,1,0,4.1,2.1,2,5,3,3.62,FALSE,FALSE
888,18,Female,High School,8.4,9.4,5.6,5.2,6.9,1,8,6,3.03,FALSE,TRUE
889,22,Female,Undergraduate,5.9,10,5,5.7,8,3,9,9,2.46,FALSE,TRUE
890,19,Male,Undergraduate,8,9.6,4.5,1.6,2.6,1,9,9,2.67,TRUE,TRUE
891,18,Female,High School,6.8,6.2,2.5,2.6,3.9,5,5,4,3.45,FALSE,FALSE
892,20,Female,Undergraduate,8.2,4.3,1.7,4,0,4,7,7,3.5,FALSE,TRUE
893,16,Female,High School,7.1,8.2,5.1,2.3,3.3,2,7,7,3.01,TRUE,TRUE
894,21,Female,High School,8.3,6.8,3.3,4.5,6.4,1,8,8,2.88,TRUE,TRUE
895,18,Male,Undergraduate,7.9,7.7,4.3,3.2,1.9,0,7,8,3.05,FALSE,TRUE
896,17,Male,Graduate,8.8,6.7,4.8,5.3,2.7,2,10,10,2.87,FALSE,TRUE
897,14,Male,High School,8.1,4.6,2.5,2.9,0,1,8,10,2.92,FALSE,TRUE
898,19,Female,High School,7.9,7.5,5,3.4,2.2,1,8,10,3.51,FALSE,TRUE
899,19,Male,Graduate,6.8,6.7,5.1,4.1,0,1,9,10,2.98,FALSE,TRUE
900,19,Female,Undergraduate,7.3,4.9,1.3,0,0,2,7,5,3.75,TRUE,TRUE
901,15,Female,Graduate,8.1,6.2,4.3,4,8.4,4,5,4,3.65,FALSE,FALSE
902,20,Female,High School,7.6,7.3,5.7,1.8,2.1,0,7,6,3.2,FALSE,TRUE
903,21,Female,High School,8.8,5.3,3.4,3.4,6.3,2,4,5,4,TRUE,FALSE
904,15,Female,High School,6.4,9.9,5.2,2.1,2.4,1,8,10,3.13,TRUE,TRUE
905,18,Male,Undergraduate,8.3,3.7,2.9,1.3,2,1,7,6,3.65,FALSE,TRUE
906,16,Female,Graduate,7.7,2,0.8,2.7,5.2,1,5,4,3.24,FALSE,FALSE
907,18,Female,High School,8.2,7.4,7.2,4,4.7,3,7,8,3.68,TRUE,TRUE
908,15,Female,Undergraduate,8,4,2.6,4.2,0.9,2,7,9,3.4,FALSE,TRUE
909,22,Female,High School,5.7,7.5,1.8,2,1.2,8,10,10,2.87,FALSE,TRUE
910,15,Male,Graduate,8.2,8.4,3.7,1.1,1,0,8,6,3.13,TRUE,TRUE
911,17,Female,Undergraduate,8.8,5.2,3.6,2.1,6.1,3,6,8,3.42,FALSE,FALSE
912,17,Male,Undergraduate,6.6,9,4.1,2.3,6.9,1,7,8,3.55,FALSE,TRUE
913,21,Male,High School,8.2,3.9,1.2,2.6,5.6,3,3,1,4,FALSE,FALSE
914,22,Male,Undergraduate,8.7,7.8,4.4,2.7,3.8,1,9,7,2.95,TRUE,TRUE
915,21,Male,Undergraduate,9.8,1,0.7,5,2.7,4,6,5,4,FALSE,FALSE
916,18,Female,Undergraduate,7.6,6.1,3.1,1.7,4.5,1,7,6,3.6,FALSE,TRUE
917,14,Male,Graduate,7.1,6.3,3.6,4.5,4.6,1,7,7,3.59,FALSE,TRUE
918,18,Female,Undergraduate,8,7.1,6.6,1.7,2.2,0,7,5,3.43,FALSE,TRUE
919,15,Female,Undergraduate,7.3,7,3.1,2.2,2.1,6,9,10,3.26,FALSE,TRUE
920,19,Male,Undergraduate,6.1,11.1,5.1,4.8,3.9,0,7,6,2.78,TRUE,TRUE
921,20,Non-binary,Undergraduate,6.4,9.8,4.8,3.3,5.2,3,9,9,2.45,FALSE,TRUE
922,15,Male,Undergraduate,10.4,3.8,2.9,2.9,1.2,0,6,7,3.37,TRUE,FALSE
923,22,Prefer not to say,High School,7.8,7.4,4.6,2.6,5.6,1,8,7,3.35,TRUE,TRUE
924,22,Male,Undergraduate,6.9,5.1,1.8,2.3,3.2,3,7,7,3.2,TRUE,TRUE
925,19,Male,Undergraduate,5.9,9.7,4.7,4.3,2.5,2,10,10,2.54,FALSE,TRUE
926,20,Male,Undergraduate,7.7,7.5,4.6,3.4,4.8,1,8,6,3.47,TRUE,TRUE
927,23,Female,High School,6.3,6.2,1.8,2.1,4,2,8,8,3.13,FALSE,TRUE
928,18,Male,High School,6.7,10.1,6.2,4.5,0,1,10,9,2.52,FALSE,TRUE
929,23,Male,Graduate,6,8.9,5.5,2.7,7.2,1,7,5,2.72,TRUE,TRUE
930,19,Female,Graduate,7,5.9,3.8,5,2.6,3,8,8,3.15,FALSE,TRUE
931,16,Male,High School,7.6,6.1,3.1,2.6,3.8,2,6,7,3.56,FALSE,FALSE
932,19,Male,Undergraduate,6.6,8.3,4.7,2.1,4.8,3,7,7,3.42,TRUE,TRUE
933,21,Male,High School,6,6.3,4,2.6,3.1,1,9,10,2.55,FALSE,TRUE
934,18,Male,Undergraduate,7.9,4.1,2.2,4.8,1.1,1,7,8,3.23,TRUE,TRUE
935,26,Non-binary,Undergraduate,8.2,5.6,1.4,3.6,5,1,8,8,3.65,TRUE,TRUE
936,22,Female,Undergraduate,7.5,7.3,5.9,3.1,3.7,4,8,9,2.98,TRUE,TRUE
937,23,Female,Undergraduate,8.3,7.2,4,2.2,6.8,1,7,7,3.21,FALSE,TRUE
938,27,Male,Undergraduate,7.5,3.1,2.3,8.3,,3,6,6,3.33,FALSE,FALSE
939,19,Female,Undergraduate,8.1,5.7,3.4,3.8,,0,7,9,3.19,TRUE,TRUE
940,18,Male,Undergraduate,7.8,4.7,5.1,5.4,,4,7,9,3.5,FALSE,TRUE
941,22,Female,Undergraduate,6.3,9.7,4.5,4.4,,1,7,9,3.02,FALSE,TRUE
942,20,Male,High School,7.6,6.7,4.9,1.9,,1,9,7,2.71,TRUE,TRUE
943,18,Male,Undergraduate,6.6,7.6,4.1,4.4,,1,8,7,3.14,FALSE,TRUE
944,18,Female,Graduate,7.3,4.8,1.4,3.2,,0,8,9,3.06,FALSE,TRUE
945,14,Female,Undergraduate,6.4,8,4.2,3.5,,1,7,5,3.19,TRUE,TRUE
946,21,Male,Undergraduate,7.8,5,4.5,4.6,,2,7,8,2.89,FALSE,TRUE
947,22,Female,High School,7.5,6.3,3,4.6,3.7,4,7,7,3.37,FALSE,TRUE
948,25,Male,High School,7.7,4.1,1.9,1.5,3.3,1,6,5,3.44,FALSE,FALSE
949,24,Male,Undergraduate,7.9,7.3,2.5,2.7,3.5,2,7,7,3.33,TRUE,TRUE
950,25,Male,Undergraduate,8.8,1,1.5,5.1,6.8,1,7,5,3.08,TRUE,TRUE
951,20,Female,Undergraduate,7.3,12.6,7.5,1.5,2.4,0,10,8,2.88,FALSE,TRUE
952,20,Female,Undergraduate,8,8.5,4.4,3.9,4.1,1,7,8,3.17,FALSE,TRUE
953,18,Female,Graduate,5.7,5.9,2.6,3.3,2.2,1,8,8,2.95,FALSE,TRUE
954,20,Female,High School,5.8,9.3,4.9,1.5,3.3,2,6,8,3.14,TRUE,FALSE
955,21,Male,High School,6.7,7.9,3.7,2.3,3.8,2,7,9,3.26,FALSE,TRUE
956,21,Male,Undergraduate,8.9,5.1,3.3,4,5.1,0,5,4,3.53,TRUE,FALSE
957,17,Male,High School,5.3,5.6,4.2,2.5,0,0,9,7,2.56,FALSE,TRUE
958,20,Male,High School,6.9,3.4,3,4.7,8.7,2,5,7,3.21,TRUE,FALSE
959,16,Male,High School,8,6,5.1,2.5,3,2,7,8,3.1,TRUE,TRUE
960,21,Female,Undergraduate,8.6,5.3,4.7,4.1,0,1,7,6,3.7,TRUE,TRUE
961,21,Male,Undergraduate,7,5.6,2,0.8,8.3,1,6,8,3.96,FALSE,FALSE
962,23,Male,High School,7.8,4.7,0.8,2.9,3.9,5,6,6,3.51,TRUE,FALSE
963,18,Male,Undergraduate,6.9,7,4,2.6,4.2,2,9,10,3.11,FALSE,TRUE
964,25,Female,Undergraduate,9,5.2,1.8,3.4,0.5,2,8,9,3.62,FALSE,TRUE
965,15,Male,High School,9.2,4.2,1.6,5.4,0,0,7,9,3.69,TRUE,TRUE
966,17,Female,Graduate,5.8,7.3,4.4,3.9,6.3,6,9,8,2.87,TRUE,TRUE
967,24,Male,High School,6.8,7,4.4,2.3,5.2,2,8,10,3.35,FALSE,TRUE
968,18,Female,Undergraduate,8,3.2,1.5,2.2,4.5,3,5,3,3.64,TRUE,FALSE
969,22,Female,High School,8,6.4,4.1,2.4,0.7,3,8,9,3.22,TRUE,TRUE
970,20,Female,Undergraduate,8.6,7.9,5.6,5.4,1.9,2,8,6,3.49,FALSE,TRUE
971,20,Male,High School,7.8,4.1,3.1,1.6,8.6,1,7,7,3.17,FALSE,TRUE
972,24,Female,Undergraduate,8.1,6.2,2.9,5.9,0.3,3,5,3,3.17,TRUE,FALSE
973,16,Male,High School,7.3,3.4,2,0.8,0,3,10,10,3,FALSE,TRUE
974,21,Female,High School,5.9,11.7,6.3,2.2,4.3,2,8,6,2.77,TRUE,TRUE
975,18,Female,Undergraduate,7.3,9.2,4.3,5.7,4.3,0,8,7,2.73,FALSE,TRUE
976,20,Female,High School,8.1,4.6,3.8,5.3,3.1,0,5,4,3.43,TRUE,FALSE
977,17,Male,Undergraduate,7.4,7.8,4.1,3.2,3.5,0,7,6,3.63,FALSE,TRUE
978,20,Female,High School,8.8,5.9,2,5.5,1.4,2,8,8,2.92,TRUE,TRUE
979,21,Male,High School,9.4,6.4,3.5,4.8,0,2,6,8,3.56,FALSE,FALSE
980,22,Male,Undergraduate,7.1,8.9,3.8,3.5,2.2,3,7,7,3.02,FALSE,TRUE
981,19,Male,Undergraduate,7.9,8.7,2.9,3.2,1.3,1,7,6,3.2,FALSE,TRUE
982,17,Non-binary,Graduate,8.9,5.5,3.3,2.4,7.7,1,6,7,3.81,FALSE,FALSE
983,17,Female,Undergraduate,9.7,4.6,1,3.7,5.7,2,5,4,3.65,FALSE,FALSE
984,23,Female,Undergraduate,6.3,8.7,5.7,2.1,3.5,3,10,8,2.8,FALSE,TRUE
985,19,Male,Graduate,5.7,5.1,3.9,3,0,0,8,6,3.05,FALSE,TRUE
986,18,Female,Undergraduate,6.8,10.5,7,4.5,0,0,8,6,2.71,FALSE,TRUE
987,22,Female,Undergraduate,7.2,10.9,6.5,1.3,4.2,0,9,8,2.93,FALSE,TRUE
988,20,Female,High School,7.3,7.1,3.5,5.2,4,1,5,7,3.79,FALSE,FALSE
989,17,Female,Undergraduate,8,5.1,2.5,3.9,3.2,2,7,5,3.31,TRUE,TRUE
990,19,Male,Undergraduate,9.5,1.2,0.2,5.3,6.9,4,4,5,4,FALSE,FALSE
991,19,Male,High School,7.3,5.5,1.2,1.6,0.8,2,7,6,3.64,FALSE,TRUE
992,14,Female,High School,7.3,3.2,3.4,3.7,5.7,2,6,6,3.42,TRUE,FALSE
993,18,Female,Undergraduate,5.9,6.1,4.1,2.7,3.4,1,10,10,2.56,FALSE,TRUE
994,16,Female,Undergraduate,5.6,8.1,3.6,1.6,2.5,2,9,9,2.95,TRUE,TRUE
995,21,Female,Graduate,7.1,6.5,3.5,1.8,2.9,0,10,10,3.23,FALSE,TRUE
996,20,Male,Undergraduate,7.3,7.1,3.9,4,3.7,5,6,5,3.71,TRUE,FALSE
997,19,Male,Undergraduate,7.4,5.4,3.2,2.3,3.6,3,6,4,3.3,FALSE,FALSE
998,24,Female,Undergraduate,6.9,4.1,2.1,4.4,1.9,2,7,6,3.33,FALSE,TRUE
999,21,Non-binary,Undergraduate,6.4,9.1,5.2,3,6.3,2,8,9,2.93,FALSE,TRUE
1000,15,Male,High School,7.7,4.4,1.4,5.2,6.8,4,4,5,4,FALSE,FALSE
1001,19,Female,High School,9,3.3,1.8,0,2.3,3,6,6,3.9,FALSE,FALSE
1002,19,Female,High School,7.5,7.1,4.3,2.6,3,3,10,9,3.14,FALSE,TRUE
1003,23,Non-binary,Undergraduate,7.9,4.3,3.3,4.3,0.8,3,4,4,3.83,TRUE,FALSE
1004,21,Male,Undergraduate,7.2,7.1,2.2,1.7,8.8,2,8,9,3.28,FALSE,TRUE
1005,20,Female,High School,6.2,7.4,4.9,2.8,6.1,1,7,5,3.15,FALSE,TRUE
1006,21,Female,Undergraduate,7.3,7.8,3.6,3.2,1.8,1,7,6,3.11,TRUE,TRUE
1007,14,Male,Undergraduate,8.4,5.6,2.7,4.8,7.7,3,6,6,3.44,FALSE,FALSE
1008,16,Male,Undergraduate,7.6,6.2,4.3,2.2,0,2,7,7,3.59,TRUE,TRUE
1009,23,Female,Undergraduate,7.1,5,3.3,4.6,2.8,4,9,7,3.33,FALSE,TRUE
1010,19,Male,Undergraduate,7.6,8.2,5,1.6,3.1,3,9,8,3.29,FALSE,TRUE
1011,17,Female,Undergraduate,8.1,5.5,3.6,4.1,2.5,1,6,8,2.68,FALSE,FALSE
1012,20,Female,High School,9.1,3,1.5,2.2,0.9,3,5,7,3.51,TRUE,FALSE
1013,24,Male,Undergraduate,7.8,5.6,2.6,3,4.9,2,8,10,3.15,FALSE,TRUE
1014,19,Non-binary,Graduate,7.8,6.7,5.6,3.2,7.4,1,7,7,3.07,FALSE,TRUE
1015,22,Male,High School,7.7,5.4,2.9,4.5,2.3,5,7,7,3.34,FALSE,TRUE
1016,17,Male,High School,8.1,5.1,5.3,5.8,0,1,7,6,2.98,FALSE,TRUE
1017,22,Male,High School,6.8,7.5,4,4,0.5,0,8,7,2.72,FALSE,TRUE
1018,16,Female,High School,7,7.9,3.1,3.3,4.2,4,9,8,3.18,FALSE,TRUE
1019,14,Male,High School,8.3,3,0.4,4.3,1.2,4,7,9,3.56,FALSE,TRUE
1020,25,Female,Undergraduate,7.2,9.2,5.3,2.8,1.1,1,10,10,2.56,TRUE,TRUE
1021,19,Male,Undergraduate,7.5,5.1,3,4,3.3,3,7,5,3.25,FALSE,TRUE
1022,25,Male,High School,8.1,6.7,4.6,7.3,3.2,1,5,3,3.03,FALSE,FALSE
1023,21,Female,Undergraduate,6.2,7.4,5.5,3.6,0,4,8,10,2.94,FALSE,TRUE
1024,20,Male,Undergraduate,5.1,8.2,4.3,4.3,4.3,4,9,10,2.63,FALSE,TRUE
1025,14,Male,Undergraduate,6.9,4.8,2.1,0,2.6,1,10,10,3.13,TRUE,TRUE
1026,20,Female,Graduate,7.3,6.6,5,3.8,3.7,1,8,10,2.88,FALSE,TRUE
1027,26,Male,Undergraduate,8.5,5.2,1.4,2.6,4.5,2,4,2,3.78,TRUE,FALSE
1028,21,Male,Graduate,7,5.5,0.5,3.4,0.6,5,9,10,3.05,FALSE,TRUE
1029,25,Male,Undergraduate,6.2,7.1,4.4,2.6,0,1,8,8,3.01,TRUE,TRUE
1030,22,Male,Undergraduate,7.3,4.5,1.8,2.8,5,2,6,5,3.19,TRUE,FALSE
1031,21,Female,Undergraduate,7.6,7.7,3.6,1.9,0.8,1,6,4,3.21,FALSE,FALSE
1032,14,Female,Undergraduate,7.4,5.5,3.3,3.2,4.5,3,7,8,3.16,FALSE,TRUE
1033,15,Male,High School,7.3,6.3,3.1,2.4,2.1,1,6,4,3.33,FALSE,FALSE
1034,19,Female,Undergraduate,8.2,6.3,4.3,4.4,5.3,0,8,10,3.32,FALSE,TRUE
1035,23,Male,Undergraduate,7.5,4.9,2.3,1.1,5.1,3,6,8,3.6,FALSE,FALSE
1036,19,Male,High School,8,6.9,2.3,4.8,3.4,1,6,6,3.92,FALSE,FALSE
1037,23,Female,High School,5.7,12.2,5.6,1.8,7.3,1,10,10,2.88,FALSE,TRUE
1038,15,Male,Undergraduate,5.8,9.7,5.3,5.1,4.7,0,7,6,2.64,FALSE,TRUE
1039,22,Female,Undergraduate,8.3,5.1,5.3,2.7,1.8,1,6,7,3.45,TRUE,FALSE
1040,18,Male,Undergraduate,9.3,1.4,1,0,7,1,6,8,3.79,TRUE,FALSE
1041,18,Non-binary,High School,8.9,2.1,1.3,1.9,2.8,2,4,2,3.75,FALSE,FALSE
1042,21,Female,Undergraduate,10.4,1.9,3.2,2.5,1.7,2,6,6,3.13,FALSE,FALSE
1043,14,Female,High School,8.5,4.8,2.4,5.9,3.3,3,5,6,3.14,FALSE,FALSE
1044,16,Female,High School,6.8,5.3,2.8,2.2,2.3,2,7,7,2.35,TRUE,TRUE
1045,27,Female,High School,8,4.8,2.1,4.6,0,4,7,9,3.37,FALSE,TRUE
1046,20,Female,Undergraduate,9.4,1.4,0.5,2.4,4.9,3,3,2,4,TRUE,FALSE
1047,24,Male,Undergraduate,7.8,5.8,3.6,2.5,5.2,0,5,3,3.43,FALSE,FALSE
1048,16,Female,High School,6.2,8.7,7.2,4,3.6,1,9,8,3.17,FALSE,TRUE
1049,16,Male,Undergraduate,5.7,10,4.6,4.2,5.4,3,6,8,3.31,FALSE,FALSE
1050,20,Female,Undergraduate,6.1,7.5,2.8,2.9,5.6,4,10,10,2.91,FALSE,TRUE
1051,17,Male,Undergraduate,7.7,6.1,3.6,3.7,5.8,1,5,6,3.14,TRUE,FALSE
1052,20,Male,High School,7.8,3.6,3,1.2,1.9,3,7,5,3.02,TRUE,TRUE
1053,22,Male,High School,6.4,7.9,3.2,5.1,4.3,2,9,10,2.97,FALSE,TRUE
1054,25,Male,Undergraduate,8.3,2,0.9,1,2,3,6,8,3.95,TRUE,FALSE
1055,19,Male,High School,7.2,4.4,3.3,2.6,0.2,2,8,7,2.99,FALSE,TRUE
1056,22,Female,Undergraduate,8.5,3.5,1.6,3.5,0,1,9,8,3.38,FALSE,TRUE
1057,20,Male,Undergraduate,7,7.6,5.6,4.6,7.4,0,6,5,3.99,FALSE,FALSE
1058,18,Male,High School,7.5,7.8,3,2,3.4,4,7,5,3.74,FALSE,TRUE
1059,17,Male,Undergraduate,7.4,4.6,3.1,1.2,0.7,3,7,5,3.08,FALSE,TRUE
1060,20,Male,Undergraduate,7.6,6.1,3.1,4.6,0.5,1,7,6,3.38,FALSE,TRUE
1061,18,Female,High School,6.9,8.7,4.9,3.8,0,1,9,9,2.91,FALSE,TRUE
1062,19,Female,Undergraduate,8.3,4.5,2.3,4.2,3.9,5,6,5,3.83,TRUE,FALSE
1063,20,Female,Undergraduate,7.9,4.8,4.2,4.4,8.4,2,8,6,3.39,FALSE,TRUE
1064,14,Female,Undergraduate,5.8,9,5.5,4,1.8,3,9,7,2.32,FALSE,TRUE
1065,16,Female,High School,7.8,6.5,4.2,2.9,1.9,3,8,8,2.79,FALSE,TRUE
1066,22,Male,Undergraduate,7.5,8.1,3.1,3.7,0,3,9,7,3.2,TRUE,TRUE
1067,19,Female,High School,7.4,6.7,4.7,1.7,4.9,2,5,5,3.69,TRUE,FALSE
1068,22,Male,Undergraduate,6.5,8.8,5.4,5.7,4,2,8,10,2.65,FALSE,TRUE
1069,16,Male,Undergraduate,8.2,7.2,3,2.3,3.1,6,6,6,3.42,FALSE,FALSE
1070,19,Female,Undergraduate,8.1,5.3,2.6,2.4,4.5,2,5,4,3.11,FALSE,FALSE
1071,15,Male,High School,7.7,6.7,1.7,3.2,0,1,8,6,3.36,TRUE,TRUE
1072,23,Female,Undergraduate,6.8,9,5.8,3.9,0,0,8,9,3.02,TRUE,TRUE
1073,23,Male,Undergraduate,7.2,5.7,2.8,2.8,0.2,1,6,8,3.59,TRUE,FALSE
1074,18,Female,Undergraduate,7.3,8.7,6,5.5,0.8,2,7,6,3.57,TRUE,TRUE
1075,14,Male,High School,7.3,5.9,3.9,4.2,3.7,1,5,6,4,FALSE,FALSE
1076,27,Male,Graduate,8.2,5.5,3.1,2,1.6,0,7,9,3.24,FALSE,TRUE
1077,22,Male,High School,5.9,8.2,5.9,4.7,7.1,0,8,6,2.72,FALSE,TRUE
1078,21,Female,High School,8.5,4.7,2.7,3,7.4,3,5,7,3.79,FALSE,FALSE
1079,23,Male,Graduate,6.6,9.6,4.5,3.1,2.1,1,7,5,3.05,FALSE,TRUE
1080,21,Female,Graduate,7,8.9,5.7,5.9,3.1,0,9,9,3.09,TRUE,TRUE
1081,18,Female,High School,9.2,4,1,0.4,1.1,0,6,7,3.73,FALSE,FALSE
1082,16,Non-binary,Undergraduate,6.7,8.5,4.8,4.4,4.2,0,7,8,3.27,FALSE,TRUE
1083,23,Female,High School,6.9,8.4,5.4,2.2,5.6,1,6,7,3.03,TRUE,FALSE
1084,18,Male,Undergraduate,7.3,6.2,3.8,3.6,5.5,1,8,7,2.7,TRUE,TRUE
1085,16,Male,High School,8.2,6.8,3.2,1,2.7,1,8,8,3.85,FALSE,TRUE
1086,18,Non-binary,Undergraduate,7.6,3.3,0.5,4.3,2.1,1,6,8,4,TRUE,FALSE
1087,19,Female,Graduate,6.5,9,5.4,3.8,1.9,2,10,9,2.36,FALSE,TRUE
1088,21,Female,Undergraduate,8.4,4.8,3.2,4.8,7.3,2,6,5,3.62,FALSE,FALSE
1089,20,Male,High School,9.7,2,0.1,5.2,2.1,3,8,9,3.52,FALSE,TRUE
1090,21,Female,Undergraduate,8.2,5.3,4,4.1,5.6,1,7,6,3.09,FALSE,TRUE
1091,16,Male,High School,7.6,4.5,0.2,2.7,2.7,0,6,5,3.48,TRUE,FALSE
1092,23,Female,Graduate,7.1,7,1.7,2.2,0,0,8,9,3.28,FALSE,TRUE
1093,20,Female,High School,6.4,9.7,5.5,0.4,3.3,3,7,8,3.16,FALSE,TRUE
1094,21,Male,Undergraduate,7.5,7.2,4.4,3.3,0,3,9,7,3.22,TRUE,TRUE
1095,23,Female,High School,6.2,8.2,4.7,2.7,2.1,2,10,10,3.07,FALSE,TRUE
1096,18,Male,Undergraduate,5.8,11.4,4.1,2.3,1.3,3,10,9,2.65,FALSE,TRUE
1097,21,Male,Undergraduate,7.4,5.9,3.6,1.6,3.7,1,8,7,3.12,FALSE,TRUE
1098,22,Male,Undergraduate,9.7,2,1.7,3,2.1,3,7,9,3.96,FALSE,TRUE
1099,14,Male,Undergraduate,8.7,4.4,3.3,2.4,1.3,1,7,5,3.45,TRUE,TRUE
1100,17,Female,High School,6.8,7.2,6.2,3.5,5.1,5,10,10,2.57,FALSE,TRUE
1101,22,Male,Graduate,8.3,4.4,0,2.8,2.2,1,7,5,3.98,FALSE,TRUE
1102,19,Female,Undergraduate,7.5,8.3,5,4.3,3.8,3,7,5,3.26,TRUE,TRUE
1103,14,Non-binary,Graduate,6.7,3.9,3.2,1.5,3.7,1,5,5,3.46,TRUE,FALSE
1104,18,Female,Undergraduate,7.6,3.9,1.1,2.4,1.4,4,6,7,3.35,FALSE,FALSE
1105,22,Female,Undergraduate,10.5,3.5,1.8,5,3.3,1,5,7,3.87,FALSE,FALSE
1106,20,Female,Graduate,6.5,11.6,6.9,3.1,1.8,1,10,8,3.1,FALSE,TRUE
1107,17,Prefer not to say,High School,8.8,6,3.4,5,3,2,6,7,3.17,TRUE,FALSE
1108,18,Male,High School,7.9,5.8,4.2,3.7,2.2,1,7,7,3.04,FALSE,TRUE
1109,15,Male,Undergraduate,7,8.4,5.4,3.3,4.3,3,7,9,3.32,FALSE,TRUE
1110,17,Male,Graduate,6.6,7.9,4.1,3.7,4.8,2,10,9,2.82,TRUE,TRUE
1111,17,Male,Undergraduate,8,9.7,6.7,2.5,0,0,8,8,3.37,FALSE,TRUE
1112,24,Female,Undergraduate,6.6,10.7,6.4,2,0.9,1,8,9,3.31,FALSE,TRUE
1113,24,Female,High School,7.1,9.1,4.4,4.8,1.2,4,8,6,3.16,TRUE,TRUE
1114,22,Female,Undergraduate,8.4,7.6,2.7,4.1,2.7,1,7,6,3.22,FALSE,TRUE
1115,21,Male,Undergraduate,7.3,5.5,1.8,4.5,7,1,7,5,3.27,FALSE,TRUE
1116,15,Male,Undergraduate,6.7,8.6,5.4,5.8,0,1,10,8,2.95,FALSE,TRUE
1117,14,Male,High School,7.4,9.3,3.4,3.2,4.6,4,8,7,3.74,TRUE,TRUE
1118,22,Non-binary,Undergraduate,7.2,5.7,1.5,4.3,5.7,4,8,9,3.41,FALSE,TRUE
1119,14,Male,Undergraduate,6.5,6,3.7,1.5,2,3,8,9,2.72,TRUE,TRUE
1120,20,Female,High School,7.1,9.2,6.6,4.7,4,4,10,10,2.55,TRUE,TRUE
1121,16,Female,High School,9.4,1,0,1.3,4.9,2,3,4,3.58,FALSE,FALSE
1122,21,Male,Undergraduate,6.5,7.9,4.7,2.4,1.9,4,8,9,3.34,TRUE,TRUE
1123,20,Male,Undergraduate,7.9,4.9,4.3,2.4,1,2,7,8,3.26,FALSE,TRUE
1124,21,Female,Undergraduate,7.9,4.8,4.1,4,8.7,1,7,5,3.62,FALSE,TRUE
1125,16,Female,Undergraduate,7.6,4.8,1.7,2.7,1.4,1,7,5,3.03,TRUE,TRUE
1126,19,Male,High School,8.5,2.9,1.7,2.8,3.7,3,4,3,3.59,FALSE,FALSE
1127,16,Male,Undergraduate,8.8,5.9,3.5,2.8,0.9,2,6,8,3.74,FALSE,FALSE
1128,20,Male,Undergraduate,6.9,8.2,6,3.4,5.8,2,7,6,3.06,FALSE,TRUE
1129,22,Non-binary,Undergraduate,9.7,4.6,3.7,3.4,0,2,9,7,3.13,FALSE,TRUE
1130,24,Female,Undergraduate,7.4,6.8,3.9,2.4,3.1,3,8,10,3.12,FALSE,TRUE
1131,14,Female,Undergraduate,7.6,3.8,2.1,4.1,2.5,0,7,6,3.14,FALSE,TRUE
1132,23,Female,Undergraduate,10.2,2.2,0,2.9,3.1,3,4,5,4,TRUE,FALSE
1133,25,Female,Undergraduate,8.2,1,0.9,3.2,7.7,0,4,3,4,FALSE,FALSE
1134,14,Female,Graduate,5.7,7,4.1,4.7,3.8,4,9,9,3.17,FALSE,TRUE
1135,17,Male,High School,7.5,8.5,5.1,3.3,0,0,7,7,3.01,TRUE,TRUE
1136,16,Male,Graduate,9.1,7.4,4.6,2,2,2,7,7,3.56,TRUE,TRUE
1137,18,Female,Undergraduate,7.8,3.6,1.6,2.6,2.1,2,4,2,3.53,FALSE,FALSE
1138,23,Male,Graduate,6.5,9.9,6.1,5,7.3,1,6,8,2.84,FALSE,FALSE
1139,15,Female,High School,6.3,8.1,4.8,1.9,2.6,2,6,5,3.26,FALSE,FALSE
1140,16,Female,Graduate,6.7,8.9,4.9,2.6,2.4,1,10,10,2.92,FALSE,TRUE
1141,17,Male,Undergraduate,6.1,8.7,3,4.7,5.1,2,9,10,3.13,TRUE,TRUE
1142,26,Male,Undergraduate,7.7,8,4.9,2.9,11.1,0,6,4,3.33,TRUE,FALSE
1143,16,Female,Graduate,8.6,5.9,3.4,3.8,0,1,7,7,3.13,FALSE,TRUE
1144,19,Female,Undergraduate,6.9,4.7,3.1,2.4,1.9,2,7,6,3.62,FALSE,TRUE
1145,16,Male,Graduate,8.1,7.6,3.9,3.3,1,2,6,7,3.11,FALSE,FALSE
1146,19,Female,Graduate,7.1,5.2,3.7,1.8,2.1,3,7,6,3.39,FALSE,TRUE
1147,18,Female,Undergraduate,7.5,7,2.6,3.7,3.6,2,9,9,2.64,FALSE,TRUE
1148,18,Female,High School,8.1,6.6,5,4,8.5,0,8,6,2.87,FALSE,TRUE
1149,16,Male,Undergraduate,7.6,5.3,2.9,3.4,6.7,1,5,5,3.61,FALSE,FALSE
1150,21,Male,Graduate,6.3,7,4.1,1.8,2,1,7,8,3.23,TRUE,TRUE
1151,25,Female,Undergraduate,6.4,7.4,3,4.4,6.8,3,8,9,3.31,TRUE,TRUE
1152,14,Female,Graduate,8.2,6.1,4.5,3.8,5.2,1,7,5,3.43,TRUE,TRUE
1153,17,Female,Undergraduate,9.7,1.4,0.4,5.2,6.7,4,4,6,4,FALSE,FALSE
1154,21,Female,Graduate,6.2,6.3,4.9,1.9,7.2,3,9,7,2.68,FALSE,TRUE
1155,21,Male,High School,8.9,5.3,3,1.5,0,1,7,5,2.96,TRUE,TRUE
1156,20,Male,Undergraduate,7.5,3.8,3,2.5,1.9,3,4,5,3.52,TRUE,FALSE
1157,26,Female,Undergraduate,5.8,10.6,7,5,4.3,1,10,10,2.66,TRUE,TRUE
1158,17,Male,Undergraduate,8.2,4.7,2.2,8.3,2.9,3,7,6,3.51,FALSE,TRUE
1159,19,Male,Undergraduate,4.9,9.3,6.4,2.6,5,2,10,8,3.09,FALSE,TRUE
1160,20,Male,Undergraduate,7.6,6.5,4.1,5.6,0.9,3,7,6,2.66,FALSE,TRUE
1161,25,Male,Undergraduate,7.4,6.2,3.2,2.5,4.5,2,5,6,3.34,TRUE,FALSE
1162,19,Male,Graduate,7.5,7.8,6.2,2.5,2.7,0,8,7,3.22,FALSE,TRUE
1163,16,Male,Undergraduate,6.2,10.4,6.9,4.1,3.7,2,9,10,3.04,FALSE,TRUE
1164,18,Male,Undergraduate,8.2,6.5,4.3,2.4,8.3,3,5,4,3.19,FALSE,FALSE
1165,20,Female,High School,7,5.4,1.9,2.2,3.4,1,4,5,3.52,FALSE,FALSE
1166,18,Male,Undergraduate,7.5,7.8,5.5,3.4,4.9,1,6,5,2.39,FALSE,FALSE
1167,14,Male,Graduate,6.5,8.8,5.4,3.5,2.6,2,10,10,3.25,FALSE,TRUE
1168,19,Female,Undergraduate,5.7,7.6,4.1,5.9,0,4,10,8,2.81,TRUE,TRUE
1169,23,Male,High School,6.3,8.4,5.6,0.8,3.4,3,9,10,2.66,FALSE,TRUE
1170,21,Male,High School,6.8,8.8,4.3,4.2,5,1,6,4,2.93,FALSE,FALSE
1171,16,Female,Undergraduate,6.7,8.9,4.5,3.2,5.2,1,9,10,2.69,FALSE,TRUE
1172,18,Male,Graduate,6.9,6.4,2.3,2.7,2.2,3,6,7,3.35,FALSE,FALSE
1173,21,Female,Graduate,5.9,9.5,6.3,5.6,1.7,1,10,10,2.95,TRUE,TRUE
1174,18,Female,Graduate,7.6,5.9,1.7,4.8,8,0,7,8,3.2,FALSE,TRUE
1175,16,Female,High School,7.7,9.5,5.4,5.9,9,1,6,7,3.96,TRUE,FALSE
1176,16,Female,High School,6.3,10.1,5.9,0.6,0,1,10,10,2.97,FALSE,TRUE
1177,26,Prefer not to say,Undergraduate,5.9,8.4,5.1,0.2,3.9,1,7,6,3.33,FALSE,TRUE
1178,24,Female,Graduate,8.9,8.8,4.1,4.2,4.8,1,8,9,2.8,FALSE,TRUE
1179,21,Male,High School,5,8.7,4.5,2.8,4.6,2,9,9,2.41,FALSE,TRUE
1180,19,Non-binary,High School,8.8,6.7,4.6,5.1,5.5,1,7,6,3.09,TRUE,TRUE
1181,16,Female,Graduate,7.1,7.8,5.1,2.4,4.5,1,8,7,3.25,FALSE,TRUE
1182,24,Female,High School,6.1,10.1,7,2.8,0,2,9,10,2.71,FALSE,TRUE
1183,18,Female,Undergraduate,7.7,4.3,2.1,0,3.2,3,8,7,2.83,FALSE,TRUE
1184,16,Male,Undergraduate,6.4,9.4,4.6,3.2,4.2,1,8,8,3.61,FALSE,TRUE
1185,20,Male,High School,8.7,1.3,2.6,2.4,0.1,1,8,10,3.28,FALSE,TRUE
1186,25,Male,Graduate,9.2,5.3,5,2.7,0.7,4,6,6,3.5,FALSE,FALSE
1187,14,Female,Undergraduate,6.4,6.8,4.4,3.7,0.5,0,7,5,2.58,FALSE,TRUE
1188,15,Male,High School,7.3,6.4,1.8,3.8,0,2,7,5,3.52,FALSE,TRUE
1189,14,Female,Undergraduate,6.6,8.8,5.1,5,4.4,4,7,8,3.28,TRUE,TRUE
1190,17,Female,Undergraduate,8.3,3.1,0.8,3.4,0.9,0,6,5,2.98,FALSE,FALSE
1191,22,Male,Undergraduate,8.5,7.8,4.4,0.4,4,0,8,8,3.46,TRUE,TRUE
1192,16,Female,High School,7.7,4.7,2.8,3.7,1.8,0,6,8,3.55,FALSE,FALSE
1193,21,Male,High School,6.1,8.5,5.9,2.2,7.6,2,7,5,3.39,FALSE,TRUE
1194,22,Female,High School,9.7,4,1.3,2.3,2.5,2,7,9,2.96,FALSE,TRUE
1195,17,Male,Undergraduate,6.7,7.3,6,6.2,2.9,2,7,7,3.33,FALSE,TRUE
1196,23,Female,Undergraduate,6.6,9.6,4.8,2.3,2.8,5,7,6,3.29,FALSE,TRUE
1197,18,Prefer not to say,High School,7.2,5,1.2,0.6,2.1,1,7,5,2.9,FALSE,TRUE
1198,21,Male,Undergraduate,7.1,6.5,1.5,2.8,0.1,0,7,8,3.46,FALSE,TRUE
1199,16,Female,High School,8,6.2,3.7,3.6,4.7,3,8,8,3.32,TRUE,TRUE
1200,22,Female,High School,7.8,5.7,2.9,3.1,4.8,3,10,10,3,FALSE,TRUE
1201,15,Male,Undergraduate,7.1,6.3,3.3,3.3,0.7,1,7,6,3.35,TRUE,TRUE
1202,24,Female,Undergraduate,8.5,3.1,2.5,3.8,3.2,1,7,5,3.55,TRUE,TRUE
1203,15,Female,High School,8.2,7.6,3.1,2,7.2,1,6,6,3.71,FALSE,FALSE
1204,21,Female,High School,6.9,5.9,2.9,2.9,5.4,1,6,4,3.13,FALSE,FALSE
1205,21,Male,Undergraduate,8,6.2,4.4,4.9,4.7,1,7,7,3.06,FALSE,TRUE
1206,24,Female,Undergraduate,5.8,8.5,4.1,3.5,1.4,2,10,8,2.77,FALSE,TRUE
1207,21,Male,Undergraduate,7.1,5.1,4.2,3.4,4.4,0,6,4,2.75,FALSE,FALSE
1208,22,Male,Undergraduate,7.5,6.6,3.2,0,1.5,6,6,5,3.41,TRUE,FALSE
1209,17,Female,High School,8.6,1,0.1,5.4,6.4,2,4,6,3.76,TRUE,FALSE
1210,18,Female,Undergraduate,7.4,11,7,2.1,3.3,1,8,7,2.86,TRUE,TRUE
1211,25,Male,Undergraduate,7.3,9.4,5.2,4.3,6.8,3,6,6,3.36,TRUE,FALSE
1212,18,Female,Graduate,8.4,5.7,3.3,7.2,3.7,0,8,9,2.81,FALSE,TRUE
1213,24,Female,Undergraduate,7.8,10.7,5.1,3.8,0.4,4,9,10,2.74,FALSE,TRUE
1214,18,Female,High School,6.5,7.4,3.7,1.3,2.4,1,8,9,3.19,FALSE,TRUE
1215,17,Male,Undergraduate,8,1.7,0.1,5.9,0,3,6,4,3.77,FALSE,FALSE
1216,15,Male,Graduate,8.2,4.7,2.1,3.1,0.2,3,8,6,3.57,FALSE,TRUE
1217,19,Male,Undergraduate,7.1,7.7,3.5,1.2,1,3,10,10,3.04,TRUE,TRUE
1218,20,Female,Undergraduate,7.8,5.4,3.8,4.5,1.6,2,6,7,2.83,FALSE,FALSE
1219,18,Female,High School,7.4,5.4,1.7,5,4.3,0,6,8,3.18,FALSE,FALSE
1220,18,Female,Undergraduate,6.5,7.4,3,4.1,3.3,2,10,10,3.18,FALSE,TRUE
1221,24,Male,Undergraduate,6.6,8.6,3.1,3.2,0.7,2,9,9,3.33,FALSE,TRUE
1222,14,Female,High School,7.4,4.8,3.8,6.3,3.4,0,8,8,2.79,FALSE,TRUE
1223,18,Male,Undergraduate,7.1,10.8,6.3,2.7,1.8,2,9,8,2.7,FALSE,TRUE
1224,20,Female,High School,7.5,6.2,2.4,6.1,0.4,0,9,8,3.16,FALSE,TRUE
1225,24,Female,Undergraduate,8.3,6.4,5.1,4.8,5,2,4,2,3.84,FALSE,FALSE
1226,20,Male,Graduate,6.7,6.3,3.5,1.1,1.6,2,6,4,3.31,FALSE,FALSE
1227,15,Male,Graduate,8.2,3.7,2.6,3.2,5,6,7,5,3.02,FALSE,TRUE
1228,21,Male,Undergraduate,7.3,4.9,2.3,0.6,5,1,5,4,3.16,FALSE,FALSE
1229,16,Female,Undergraduate,8.1,3.3,3.3,2.8,3.4,3,5,7,3.55,TRUE,FALSE
1230,24,Male,High School,9,3.5,0.5,3.3,10.3,2,3,4,3.66,FALSE,FALSE
1231,21,Male,High School,9.2,4.2,0.6,2,3.3,1,2,2,3.82,FALSE,FALSE
1232,20,Non-binary,Undergraduate,8.7,5.6,3.2,3.7,2.8,1,6,6,2.83,TRUE,FALSE
1233,22,Female,Undergraduate,7.2,4.5,1.7,3.2,0.6,0,7,6,3.1,FALSE,TRUE
1234,16,Female,Graduate,8.3,5.4,2.8,4.6,7,1,5,4,4,FALSE,FALSE
1235,14,Male,Undergraduate,6.7,6.7,2.9,2.4,5.3,3,10,10,3.03,FALSE,TRUE
1236,23,Non-binary,Undergraduate,8.5,4.8,1.4,2.3,5.1,1,5,4,3.44,FALSE,FALSE
1237,21,Female,Undergraduate,6.5,6.4,3.9,2.1,1.3,2,8,8,3.26,FALSE,TRUE
1238,26,Prefer not to say,Graduate,6.6,10.1,3,3.6,4.7,0,9,8,2.48,FALSE,TRUE
1239,19,Female,Undergraduate,7,5.3,2.8,4.9,3,1,8,8,2.64,TRUE,TRUE
1240,16,Male,Undergraduate,8.4,5.8,3.6,3.2,4.7,3,7,5,3.28,TRUE,TRUE
1241,15,Male,Undergraduate,6.4,7.3,4,3.1,3.5,1,8,6,3.4,TRUE,TRUE
1242,18,Male,Undergraduate,7.1,8.6,5.1,4.1,3.5,4,9,10,2.85,TRUE,TRUE
1243,21,Female,Undergraduate,8.2,5.5,2.5,1.9,2.2,0,6,5,3.38,TRUE,FALSE
1244,22,Male,Graduate,7.4,4.7,2.9,1.2,1.5,0,7,5,3.52,TRUE,TRUE
1245,22,Male,Undergraduate,6.6,8,3.8,3.8,2.1,2,9,9,3.32,FALSE,TRUE
1246,23,Prefer not to say,Undergraduate,7.2,8.2,4.8,3.1,5.9,1,5,6,3.44,TRUE,FALSE
1247,20,Male,High School,8.5,5,0.7,2.4,7.6,2,5,7,3.52,TRUE,FALSE
1248,18,Male,Undergraduate,8.5,7.1,4.3,3.2,5.5,1,6,6,3.74,TRUE,FALSE
1249,19,Male,Undergraduate,7.4,9.2,4.5,2.5,6.1,1,7,9,3.31,TRUE,TRUE
1250,23,Male,Graduate,7.3,10,5.3,1.4,0.4,1,7,5,2.86,FALSE,TRUE
1251,18,Female,Undergraduate,7.1,9.1,5.5,4.7,4.5,3,6,6,3.73,FALSE,FALSE
1252,23,Male,Undergraduate,7,7.4,5.9,2.5,0.9,2,8,8,2.92,FALSE,TRUE
1253,22,Female,High School,8,5.7,3.4,2.7,2.9,1,5,7,3.38,FALSE,FALSE
1254,23,Prefer not to say,Undergraduate,7.6,5.9,3.2,3.6,3.7,0,7,9,3.19,TRUE,TRUE
1255,20,Male,Undergraduate,7.9,6.2,3.5,3.4,2.9,0,8,7,3.43,FALSE,TRUE
1256,22,Male,Undergraduate,5.5,6.7,3.4,2.8,7,1,9,8,2.72,TRUE,TRUE
1257,18,Female,Undergraduate,8.1,8.2,5.7,1.5,0.1,2,8,10,3.15,TRUE,TRUE
1258,17,Female,Undergraduate,9.1,5.9,3.2,2.8,0,2,8,10,3.37,TRUE,TRUE
1259,14,Female,Undergraduate,6.5,5.9,2.7,2.6,0.6,5,8,10,3.21,FALSE,TRUE
1260,14,Male,Undergraduate,7.7,8.2,5,3.3,2.7,0,6,8,3.11,FALSE,FALSE
1261,19,Female,High School,9.1,3.7,3.5,3.2,5,4,6,7,3.59,TRUE,FALSE
1262,20,Non-binary,Undergraduate,7.3,7.5,3.2,4.5,4.1,0,8,8,3.62,TRUE,TRUE
1263,27,Male,High School,5.8,6.6,5.3,2.9,6.4,2,8,9,3.03,TRUE,TRUE
1264,18,Male,Undergraduate,7.2,6.3,2.7,3.8,0,3,7,7,3.33,FALSE,TRUE
1265,24,Male,Undergraduate,7.4,4.6,2.9,5.3,5.3,0,9,7,3.02,FALSE,TRUE
1266,22,Female,Undergraduate,8.8,5.7,3.8,2.4,4.3,2,7,5,2.94,TRUE,TRUE
1267,23,Female,High School,7.1,7.5,5.6,3.7,3.2,1,9,10,3.32,FALSE,TRUE
1268,22,Female,High School,7.6,6.5,3.8,3.1,3.2,3,7,6,3.08,FALSE,TRUE
1269,15,Female,Graduate,7.5,8.4,4.4,3.8,5.2,3,8,10,2.55,TRUE,TRUE
1270,19,Female,Undergraduate,6.7,8.3,5.5,2.9,5.9,7,9,10,2.88,FALSE,TRUE
1271,22,Male,Undergraduate,7.6,3.9,2.5,2.7,2.8,0,7,8,3.31,FALSE,TRUE
1272,19,Female,High School,9.4,1.7,1.3,6.5,4.9,0,4,4,3.48,TRUE,FALSE
1273,18,Male,Undergraduate,7.5,6.8,3.1,3.4,0.8,0,8,8,3.24,FALSE,TRUE
1274,19,Female,High School,7.4,5.8,3.1,0.3,7.1,0,6,7,3.61,FALSE,FALSE
1275,23,Male,Undergraduate,7.1,6,3.1,5,4.4,2,8,8,3.22,FALSE,TRUE
1276,15,Female,High School,5.6,6.5,3.9,4.5,2.4,5,8,9,2.92,FALSE,TRUE
1277,15,Male,Graduate,8.9,4.8,3,3.5,7.2,1,5,4,3.79,FALSE,FALSE
1278,22,Female,Undergraduate,8.1,6.9,4.5,2.3,5.8,3,8,7,3.25,FALSE,TRUE
1279,19,Male,Undergraduate,8.8,7.1,3.4,3,4.6,2,8,10,3.26,FALSE,TRUE
1280,20,Female,Undergraduate,8.8,5.3,2.6,4.5,0.9,0,5,3,3.52,FALSE,FALSE
1281,27,Female,Undergraduate,8,7.1,3.8,4.4,0.8,3,8,7,2.91,FALSE,TRUE
1282,21,Male,High School,8.4,4,0.4,1.7,1.4,1,9,10,2.89,FALSE,TRUE
1283,19,Male,Undergraduate,7,5.8,3.1,6.2,3.3,2,8,10,3.27,FALSE,TRUE
1284,20,Female,High School,8.1,5.8,3.4,3.4,3.6,1,8,8,3.54,TRUE,TRUE
1285,20,Female,Undergraduate,6.5,9.6,5,1.9,6.6,2,8,7,2.8,FALSE,TRUE
1286,21,Male,Undergraduate,8.4,7.1,4.2,0.5,0,3,6,6,3.36,TRUE,FALSE
1287,20,Female,Undergraduate,6.8,8.9,4.1,3.5,2.3,4,8,6,3.08,FALSE,TRUE
1288,16,Male,Graduate,7.4,6.6,5.1,3.3,4.9,3,4,6,3.37,FALSE,FALSE
1289,18,Non-binary,Undergraduate,7.1,5.1,3,3.7,3,1,8,8,3.49,FALSE,TRUE
1290,23,Male,Graduate,8.5,6.2,3.2,3.4,4.6,2,6,7,3.1,FALSE,FALSE
1291,21,Male,Undergraduate,7.3,4.5,0.3,5.4,0.3,2,8,8,3.94,FALSE,TRUE
1292,24,Female,Undergraduate,8,6.1,4.2,3.1,3.9,1,8,7,3.04,FALSE,TRUE
1293,14,Male,High School,7.6,9.4,4.5,3.1,0.9,2,9,10,3.25,FALSE,TRUE
1294,22,Female,Graduate,7,7.9,4.2,4.2,4.4,2,9,9,2.95,TRUE,TRUE
1295,16,Female,Undergraduate,7.2,7.9,6.1,3,3.5,1,5,7,3.25,FALSE,FALSE
1296,24,Female,Undergraduate,5.8,8.2,4.5,5,1.4,0,9,7,2.61,FALSE,TRUE
1297,17,Female,Undergraduate,6.4,6.3,3.9,3,1.2,2,7,6,3.22,TRUE,TRUE
1298,19,Female,High School,6.5,6.5,4,1.6,5,3,7,7,3.33,FALSE,TRUE
1299,21,Male,Graduate,8.1,6.3,3.7,4.8,3.1,3,8,7,3.27,FALSE,TRUE
1300,24,Female,Undergraduate,6.1,8.2,4.7,0,6.2,1,9,10,2.43,TRUE,TRUE
1301,22,Female,High School,8.2,6.1,0.8,3.4,3.2,1,7,8,3.3,TRUE,TRUE
1302,17,Male,Undergraduate,7,4.2,1.1,4.1,4.1,1,8,6,2.79,FALSE,TRUE
1303,16,Female,Undergraduate,7.6,5.3,2.6,3,4.6,3,7,5,3.11,FALSE,TRUE
1304,18,Male,Undergraduate,5.4,11.7,5.8,2,6.9,2,9,8,2.41,FALSE,TRUE
1305,21,Female,Undergraduate,6.5,8.7,5.3,5,4.6,3,8,8,3.34,FALSE,TRUE
1306,20,Male,Undergraduate,8.8,5.3,1.6,3,4.6,2,4,5,3.98,FALSE,FALSE
1307,26,Male,Undergraduate,6.9,2.3,1.6,0,2.7,2,8,7,3.95,TRUE,TRUE
1308,19,Non-binary,Undergraduate,8.3,7.6,2.2,4.2,4.8,1,10,10,3.49,TRUE,TRUE
1309,17,Female,Undergraduate,7.3,8.1,5.3,3.7,3.4,1,7,7,2.6,FALSE,TRUE
1310,17,Male,Undergraduate,5.6,9.4,4.9,2.6,6.2,0,9,7,2.76,TRUE,TRUE
1311,20,Male,Undergraduate,8,6.7,4.9,2.2,4.3,2,7,8,2.72,FALSE,TRUE
1312,22,Male,Graduate,7.1,5.9,3,4.1,3.8,0,9,10,3.36,FALSE,TRUE
1313,17,Male,Graduate,6.6,8.5,5.6,2.3,2.8,4,10,10,3.11,FALSE,TRUE
1314,19,Female,Undergraduate,8,8.2,5.5,3.5,4.5,1,8,8,3.09,TRUE,TRUE
1315,18,Male,Undergraduate,5.8,8.4,4.6,5,5.4,0,9,8,2.81,TRUE,TRUE
1316,21,Male,Undergraduate,8.1,3.8,1.7,6.4,4.8,0,6,5,3.67,TRUE,FALSE
1317,14,Male,Undergraduate,7.2,9.3,5,3.7,1.1,3,8,10,3.4,FALSE,TRUE
1318,19,Male,Undergraduate,6.6,7,4.1,2,3.1,1,9,9,2.92,FALSE,TRUE
1319,21,Male,Undergraduate,5.9,6.3,5.4,2.9,6.3,2,6,5,2.61,FALSE,FALSE
1320,23,Female,Undergraduate,6.9,5.4,2.6,1.6,1.3,3,7,8,2.75,FALSE,TRUE
1321,15,Male,Undergraduate,7,9.3,5.4,4.1,7.1,1,8,6,2.67,TRUE,TRUE
1322,20,Female,Graduate,6.4,3.6,0.5,4.3,4.6,2,4,4,3.65,FALSE,FALSE
1323,25,Male,High School,6.9,2.5,0.6,4,2.7,6,8,10,3.6,FALSE,TRUE
1324,22,Male,Graduate,8.6,3.4,3.8,2.8,5.2,2,7,8,3.56,TRUE,TRUE
1325,20,Male,Undergraduate,5.8,9,5.4,3.5,1.9,1,9,9,2.85,TRUE,TRUE
1326,21,Female,High School,8.4,5.6,2.7,3.8,4.2,2,7,5,3.51,FALSE,TRUE
1327,19,Male,Undergraduate,9.3,1,1.2,2.8,2.9,0,4,3,3.54,TRUE,FALSE
1328,23,Male,High School,7.3,5.6,4.4,3.6,3.7,0,8,10,2.9,FALSE,TRUE
1329,22,Male,Graduate,7.3,9,3.6,3.8,2.7,0,7,5,3.09,FALSE,TRUE
1330,20,Male,High School,8.2,3.9,2.4,3.1,0,0,5,4,2.92,FALSE,FALSE
1331,20,Male,High School,7.2,6.9,3,3,3.1,1,8,6,3.15,FALSE,TRUE
1332,20,Female,Undergraduate,8.2,4.5,2.1,2,3.9,1,6,6,3.53,TRUE,FALSE
1333,19,Male,Graduate,5.9,10.8,6.6,3.3,4.3,1,10,9,2.45,FALSE,TRUE
1334,18,Female,Undergraduate,8,5.2,1,3.9,7.1,0,7,6,3.58,TRUE,TRUE
1335,22,Female,High School,7.2,3.4,2.1,3,8.8,1,5,6,3.36,TRUE,FALSE
1336,18,Female,High School,9.1,6.8,5.3,3.1,1.9,2,7,5,2.92,FALSE,TRUE
1337,19,Male,Undergraduate,8.5,5.6,2.6,3.9,2.8,0,7,9,3.4,TRUE,TRUE
1338,19,Male,Undergraduate,8.2,4.8,0,4.2,4.4,2,6,5,3.94,FALSE,FALSE
1339,18,Non-binary,High School,7.9,7.9,4.5,0.1,9.3,3,6,5,2.96,FALSE,FALSE
1340,19,Male,Undergraduate,8.3,6.4,4.8,3.9,8.6,0,4,2,3.38,FALSE,FALSE
1341,17,Female,Graduate,7.7,5.1,2.3,4,4.3,4,8,9,2.71,TRUE,TRUE
1342,23,Female,Undergraduate,7.2,4.9,2.2,5.2,1.2,1,8,8,3.09,TRUE,TRUE
1343,16,Female,Undergraduate,7,4.4,1,3.8,0,5,6,8,3.95,FALSE,FALSE
1344,24,Male,Graduate,8.1,6.4,3.5,2.8,0.1,4,10,9,3.05,FALSE,TRUE
1345,25,Male,Undergraduate,8.7,6,3.7,4.8,5.4,0,7,6,3.03,FALSE,TRUE
1346,25,Female,High School,7.3,5.4,3.3,3.4,4.5,2,9,10,2.84,FALSE,TRUE
1347,15,Female,High School,7.8,6,3.1,3.1,5.7,3,10,10,2.92,TRUE,TRUE
1348,21,Male,Undergraduate,9,4.1,1.1,3,6.4,5,6,4,3.26,FALSE,FALSE
1349,16,Female,High School,7.9,6.9,3.5,4.4,5.4,2,7,6,3.55,FALSE,TRUE
1350,18,Male,Undergraduate,8.4,4.5,2.7,2.5,4.9,2,3,1,4,FALSE,FALSE
1351,20,Male,Undergraduate,7.7,12.2,7.9,3.7,5.4,2,8,9,2.77,FALSE,TRUE
1352,19,Male,Undergraduate,7.2,6,5.5,3.9,0.7,1,7,6,3.03,TRUE,TRUE
1353,20,Female,High School,7.5,5.9,1.4,1.5,6.5,2,6,6,3.84,FALSE,FALSE
1354,25,Male,Undergraduate,6.3,8.1,4.3,6.4,3.4,2,7,6,3.05,TRUE,TRUE
1355,22,Non-binary,Undergraduate,6.2,7.6,4.5,3.6,5.7,3,8,8,3.55,TRUE,TRUE
1356,15,Male,High School,8.6,2.9,1.3,2.2,4.6,0,5,3,3.79,TRUE,FALSE
1357,20,Prefer not to say,Graduate,6,8.2,3.4,3.5,6.4,0,9,7,3.05,FALSE,TRUE
1358,20,Female,High School,6.1,4.5,2.9,3.5,6.3,1,5,5,3.5,FALSE,FALSE
1359,21,Non-binary,Undergraduate,7.3,5.5,5.3,3.9,4.9,2,5,3,3.24,FALSE,FALSE
1360,17,Male,High School,7.6,5,2.4,1.1,5.7,0,8,10,3.08,TRUE,TRUE
1361,25,Female,Undergraduate,8.4,6.1,3.1,2.7,8.5,1,7,6,3.21,TRUE,TRUE
1362,24,Female,Undergraduate,5.4,8.9,4.9,1.7,4.8,1,7,8,2.89,TRUE,TRUE
1363,19,Male,Undergraduate,6.9,4.5,3.3,5.4,0,1,7,9,2.86,FALSE,TRUE
1364,17,Female,Graduate,7.2,5.2,3,4.4,5.5,0,7,9,3.15,FALSE,TRUE
1365,16,Male,Undergraduate,7.1,6.3,4.5,3.9,2.5,2,9,10,2.71,FALSE,TRUE
1366,21,Female,Undergraduate,6.1,7.5,6.1,2.1,6.3,1,9,7,2.19,TRUE,TRUE
1367,21,Female,Undergraduate,7.3,7.1,4.1,1.5,4.4,2,7,5,3.61,TRUE,TRUE
1368,15,Male,High School,7.7,6.4,5.1,5,2.3,1,7,8,3.03,TRUE,TRUE
1369,17,Female,High School,6.7,4.7,1.9,1.9,5.2,3,7,9,3.19,FALSE,TRUE
1370,21,Female,Undergraduate,7.8,6.7,4.2,4,7.3,4,5,4,3.24,FALSE,FALSE
1371,15,Female,High School,6.7,10.9,5.9,5,3,1,8,10,3.14,FALSE,TRUE
1372,25,Male,Undergraduate,6.8,4.9,3.5,0.9,0.2,0,8,7,3.12,FALSE,TRUE
1373,17,Female,Graduate,7.7,9.1,6.4,2.8,4.7,1,8,7,3.15,FALSE,TRUE
1374,23,Prefer not to say,High School,8,7,3.2,3.8,3.6,2,10,8,3.24,FALSE,TRUE
1375,21,Male,Undergraduate,6.6,7.5,2.6,3.5,1.9,5,8,7,2.91,FALSE,TRUE
1376,17,Male,High School,6.9,5.9,3.7,3.6,0.5,3,6,6,3.12,FALSE,FALSE
1377,19,Male,Undergraduate,7.2,2.6,2.2,4.5,0.5,3,7,7,3.14,TRUE,TRUE
1378,19,Male,Undergraduate,5.8,8.2,3.2,3.7,5,4,8,10,2.7,TRUE,TRUE
1379,20,Female,Undergraduate,7.9,3.2,0.3,3.8,2.9,2,6,8,3.5,FALSE,FALSE
1380,21,Non-binary,Undergraduate,7.1,6.9,2,3,0.3,2,6,6,3.25,FALSE,FALSE
1381,20,Female,Undergraduate,8.3,4.3,3.4,3.6,8.4,3,6,8,3.78,TRUE,FALSE
1382,19,Female,Undergraduate,7.3,9.2,6.6,1.4,4,1,9,7,3.36,FALSE,TRUE
1383,22,Female,Undergraduate,6.9,5.1,4,5.5,4.8,2,7,7,2.82,FALSE,TRUE
1384,19,Female,Undergraduate,7.2,7,2.6,2.9,4.4,1,6,7,2.91,TRUE,FALSE
1385,17,Female,Undergraduate,8.9,2.7,1.4,4.1,3.6,1,6,4,3.92,FALSE,FALSE
1386,22,Male,High School,8.8,3.5,2.7,2.9,0,1,6,8,3.95,TRUE,FALSE
1387,21,Non-binary,High School,7.5,4.5,4.5,3.5,3.2,1,7,7,2.94,FALSE,TRUE
1388,22,Male,Undergraduate,7.6,7,3.8,2.1,6.3,4,7,9,3.06,FALSE,TRUE
1389,20,Female,Undergraduate,7.3,8.2,3.3,4.1,3,2,5,7,3.19,TRUE,FALSE
1390,15,Female,Undergraduate,8.8,5.7,1.8,2.2,0.8,3,8,10,3.51,TRUE,TRUE
1391,20,Male,High School,8.2,3.4,0.2,3.7,3.1,0,7,9,3.79,TRUE,TRUE
1392,19,Male,Graduate,7.6,5.3,3.7,6.3,7.4,0,8,9,2.79,FALSE,TRUE
1393,16,Male,Undergraduate,6.7,6.9,4.8,3.9,4,1,6,5,2.97,TRUE,FALSE
1394,22,Female,High School,6.1,8.4,4,1.5,0,4,7,5,2.81,FALSE,TRUE
1395,20,Female,Undergraduate,6.6,8,5.4,3.5,0.9,1,8,9,2.5,FALSE,TRUE
1396,22,Female,High School,6.4,6.2,2.3,3.3,0,2,7,9,2.72,TRUE,TRUE
1397,19,Male,Undergraduate,6.3,8.8,5.8,2,2.8,2,8,8,3.3,FALSE,TRUE
1398,22,Female,High School,5.6,9.2,3.6,1.3,9,1,7,9,2.97,FALSE,TRUE
1399,21,Female,High School,5.9,7.9,4.7,5.8,3.6,2,8,8,2.92,FALSE,TRUE
1400,21,Male,High School,7.8,2.3,3,2.5,1.1,2,5,3,3.38,FALSE,FALSE
1401,17,Female,High School,9.2,1.2,0,2.5,5.8,1,4,3,3.74,TRUE,FALSE
1402,25,Female,Graduate,8.3,4.9,3.2,4.2,0,2,7,9,3.51,FALSE,TRUE
1403,18,Female,High School,8.1,3.6,3.2,0.9,4.3,1,5,4,3.82,TRUE,FALSE
1404,15,Male,Undergraduate,6.3,10.5,6.2,3.6,0.4,2,10,8,2.62,FALSE,TRUE
1405,21,Male,Undergraduate,7.7,6.9,3.4,4.2,6.9,3,9,10,2.86,FALSE,TRUE
1406,19,Male,Undergraduate,7.5,4.9,2,3.1,3,1,6,8,3.64,FALSE,FALSE
1407,22,Male,Undergraduate,7.2,7.7,4.8,3.1,1.7,0,8,9,3.37,FALSE,TRUE
1408,20,Female,Undergraduate,7.6,2.9,2.8,4.6,2.8,3,6,4,3.02,FALSE,FALSE
1409,20,Male,Undergraduate,7,9,4.4,4.2,3.2,1,7,8,3.37,FALSE,TRUE
1410,18,Male,Graduate,6.4,9.4,4.4,0.2,1.4,0,9,10,3.45,TRUE,TRUE
1411,16,Female,Graduate,7.9,5.3,2.7,2.4,0,1,8,8,3.23,FALSE,TRUE
1412,20,Male,Undergraduate,7.2,6.2,4.2,3.7,4.3,1,9,9,3.21,TRUE,TRUE
1413,18,Male,Undergraduate,8.8,5.2,3.1,2.6,5.1,4,5,5,3.51,FALSE,FALSE
1414,18,Female,High School,8.2,7.2,3.3,2.8,6.3,2,7,9,3.45,TRUE,TRUE
1415,22,Female,Undergraduate,8.7,5.5,4.6,5.1,8.5,2,8,6,3.57,FALSE,TRUE
1416,26,Female,Undergraduate,6,6.8,3.1,2.3,6.5,2,7,7,3.16,TRUE,TRUE
1417,26,Male,Undergraduate,7.5,7,3.5,6,4.9,0,10,8,3,FALSE,TRUE
1418,23,Female,Undergraduate,9.5,3.6,1.3,3.1,7,2,4,2,3.84,FALSE,FALSE
1419,22,Female,High School,6.4,10.2,6.9,0,2.3,1,7,5,3.01,FALSE,TRUE
1420,21,Female,Undergraduate,7,8.6,2.8,2.4,0,2,10,8,3.19,FALSE,TRUE
1421,18,Male,Undergraduate,7.7,6.2,2.9,3.6,4.7,4,7,7,3.55,FALSE,TRUE
1422,16,Prefer not to say,Graduate,9.7,4.4,1.4,4.4,0.1,3,6,7,3.48,FALSE,FALSE
1423,22,Male,High School,7.8,7,3.2,3.4,3.1,1,9,7,3.13,FALSE,TRUE
1424,18,Female,Undergraduate,7.5,9.2,5.6,1.9,2.6,3,10,10,2.89,TRUE,TRUE
1425,23,Female,Undergraduate,8.5,2.5,0,3.5,3.9,0,6,8,3.63,FALSE,FALSE
1426,19,Female,Undergraduate,8.3,4.9,1.1,1.7,4,1,5,7,3.38,TRUE,FALSE
1427,18,Female,Undergraduate,7.1,6.6,4,1.7,3.8,1,7,6,3.21,FALSE,TRUE
1428,25,Male,Undergraduate,7.9,9.8,5.1,4,1.3,0,9,10,3.21,FALSE,TRUE
1429,22,Female,Undergraduate,6.6,6.6,1.2,2.7,1,1,10,8,3.3,FALSE,TRUE
1430,22,Female,Undergraduate,6.6,6,3.6,2.6,2.7,2,8,6,2.9,TRUE,TRUE
1431,17,Female,High School,6.2,7.2,3.3,2.7,4.1,2,7,7,3.28,TRUE,TRUE
1432,19,Female,High School,7,8.8,4.5,3.7,4,1,10,10,3.28,TRUE,TRUE
1433,21,Female,High School,8.9,6.8,4.8,2.4,0,1,6,7,3.09,FALSE,FALSE
1434,14,Female,Graduate,7.9,4.9,2.9,4.2,3.6,0,6,8,2.92,FALSE,FALSE
1435,19,Male,High School,8.8,8.3,5.1,3.9,2.4,1,7,5,3.05,TRUE,TRUE
1436,17,Male,High School,8,8.4,2.9,1.6,3.3,1,9,10,3.35,FALSE,TRUE
1437,23,Female,Graduate,6.9,10,4.3,3.7,4.9,0,5,6,3.24,TRUE,FALSE
1438,21,Female,Graduate,6.3,7.1,5.2,4.1,4.2,4,8,10,2.82,FALSE,TRUE
1439,17,Male,High School,8.3,5.7,2.1,1,3.1,0,6,4,3.13,FALSE,FALSE
1440,21,Female,High School,9.6,5.3,2.6,3.7,2.9,1,7,9,3.97,FALSE,TRUE
1441,24,Male,High School,8.7,5,2.8,4.7,0,2,5,7,3.7,FALSE,FALSE
1442,14,Female,Undergraduate,9,3.9,3.2,2.8,4.5,3,5,7,3.26,FALSE,FALSE
1443,18,Female,Undergraduate,6.6,7,3.1,2.3,3.8,1,7,9,3.72,TRUE,TRUE
1444,18,Female,Undergraduate,6.3,11.5,7.6,4.1,0.3,0,6,4,2.87,FALSE,FALSE
1445,22,Female,Undergraduate,7.2,11.9,5.6,2.7,5.1,1,10,10,2.96,TRUE,TRUE
1446,21,Female,Undergraduate,8.8,3.7,2,3.9,3.6,4,7,9,3.54,FALSE,TRUE
1447,26,Non-binary,Undergraduate,6.1,7.5,4.7,4.1,4.3,3,7,5,3.41,FALSE,TRUE
1448,22,Female,Undergraduate,7.8,6.3,2.7,5.5,7.3,3,7,5,3.67,TRUE,TRUE
1449,22,Non-binary,High School,7.6,5.9,2.9,4.3,5.2,5,8,9,3.49,FALSE,TRUE
1450,23,Female,Undergraduate,7,7.1,4.5,2.3,4.7,2,9,10,3.31,FALSE,TRUE
1451,18,Prefer not to say,Graduate,6.8,10.3,5.1,2.7,1.6,1,10,10,2.67,FALSE,TRUE
1452,24,Male,Undergraduate,6.5,8.1,4.2,1.6,2.6,0,9,8,2.79,TRUE,TRUE
1453,16,Female,Undergraduate,7.2,8.2,5.4,2.8,2.2,2,9,7,2.82,TRUE,TRUE
1454,20,Female,Undergraduate,7.8,3.7,1.8,3.9,4.8,2,7,7,3.26,FALSE,TRUE
1455,16,Male,Undergraduate,6.7,7.5,4.6,0.5,5.5,1,6,7,3.24,FALSE,FALSE
1456,22,Female,Undergraduate,6.7,6.4,3,0.9,2.7,3,8,8,3.08,FALSE,TRUE
1457,19,Male,Undergraduate,6.4,9.4,4.5,4.9,1.9,0,8,6,2.83,FALSE,TRUE
1458,19,Male,Undergraduate,8.3,4.1,1.6,3.6,4.1,1,6,6,3.54,FALSE,FALSE
1459,18,Male,High School,8.5,3.5,2.2,4.2,1.9,3,5,6,3.43,TRUE,FALSE
1460,24,Female,High School,6.7,8,4.3,3.3,2.3,4,5,6,3.33,TRUE,FALSE
1461,20,Female,Undergraduate,7.4,8.7,5.1,3.6,6.6,0,9,10,3.43,TRUE,TRUE
1462,16,Male,Undergraduate,8.9,7.4,2.3,4.5,0.6,0,8,8,3.71,FALSE,TRUE
1463,24,Male,Undergraduate,7.2,10.6,5,0.6,3.4,1,9,8,3.02,FALSE,TRUE
1464,22,Female,Undergraduate,7.7,4.7,3.6,2.2,7.6,1,8,7,3.72,TRUE,TRUE
1465,18,Female,Undergraduate,7.6,5.8,4.4,4.9,0,0,7,8,3.55,FALSE,TRUE
1466,22,Female,Undergraduate,9.3,2.5,0.4,3.8,2.3,1,6,6,4,FALSE,FALSE
1467,18,Female,Graduate,7.8,5.4,4.4,4.7,4.1,1,7,5,3.4,FALSE,TRUE
1468,20,Female,Undergraduate,8.3,5.1,1.6,3.2,8.2,3,6,5,3.82,FALSE,FALSE
1469,20,Male,High School,6.9,7.2,4.1,4.2,0.6,4,6,5,2.94,TRUE,FALSE
1470,18,Female,Undergraduate,8.3,7.8,5.1,2.6,2.9,2,8,10,3.03,FALSE,TRUE
1471,20,Female,High School,7.6,5.8,3.3,1.4,1.7,3,8,7,2.97,FALSE,TRUE
1472,14,Female,High School,6.8,9,5.5,4.6,8.2,2,7,9,3.37,FALSE,TRUE
1473,18,Male,Undergraduate,8.2,6.6,3.4,2.5,2.8,4,5,5,2.94,FALSE,FALSE
1474,16,Male,Undergraduate,5.4,12.8,8,3.1,1.6,2,10,10,2.63,FALSE,TRUE
1475,22,Female,Undergraduate,7.4,6.1,3.7,3.4,3.4,2,7,8,3.61,FALSE,TRUE
1476,14,Male,Undergraduate,7.4,8.5,5.1,3.5,5,1,6,6,3.61,FALSE,FALSE
1477,14,Male,Undergraduate,8.1,2.8,2.9,3.7,7.3,0,3,4,3.72,FALSE,FALSE
1478,18,Female,Undergraduate,6,10.2,7.9,3.3,0.9,0,10,10,2.72,FALSE,TRUE
1479,19,Non-binary,Undergraduate,7.3,5.9,2.2,1.8,6,1,6,6,3.58,FALSE,FALSE
1480,20,Female,High School,6.2,10.4,5.5,2.2,4.3,0,7,5,3.26,FALSE,TRUE
1481,27,Female,Undergraduate,7.1,5.7,1.7,2,5,1,7,6,2.97,FALSE,TRUE
1482,18,Male,Undergraduate,7.4,5.7,4.2,4.8,0.4,2,8,10,3.26,TRUE,TRUE
1483,20,Male,Undergraduate,7.7,7.6,3.6,1.9,1.7,1,10,10,2.55,TRUE,TRUE
1484,16,Male,Graduate,8.7,6.9,3,2,1.4,0,6,6,3.9,FALSE,FALSE
1485,20,Male,High School,8.5,3,2.9,3.4,1.9,1,7,5,2.45,TRUE,TRUE
1486,18,Female,High School,8.5,1.9,0,2.8,5.7,2,6,4,3.81,TRUE,FALSE
1487,14,Female,High School,6.2,8.3,4,3.2,4.7,2,9,8,2.73,FALSE,TRUE
1488,22,Female,Graduate,7.5,7.5,3.5,2.9,2.2,0,9,9,2.69,TRUE,TRUE
1489,19,Male,Undergraduate,7.2,7.9,3.9,4.4,0,3,9,10,3.12,FALSE,TRUE
1490,22,Female,High School,6.1,8.5,4.1,1.5,2.4,2,10,10,2.71,FALSE,TRUE
1491,16,Non-binary,Undergraduate,7.7,4.9,2.8,3.4,1,1,8,8,3.2,FALSE,TRUE
1492,18,Male,Undergraduate,7.5,5.3,2.6,3.7,7.4,1,7,9,3.06,TRUE,TRUE
1493,16,Male,High School,7.7,3.5,1.9,1.6,1.3,1,8,8,2.43,TRUE,TRUE
1494,17,Female,Undergraduate,7.4,5.8,1.4,2.6,5.2,0,7,6,3.12,TRUE,TRUE
1495,19,Male,High School,7.5,8.4,4.7,2.5,6.1,1,7,6,3.19,TRUE,TRUE
1496,16,Female,Undergraduate,6.1,5.6,3.1,0.4,4,0,7,8,3.11,FALSE,TRUE
1497,20,Female,Graduate,7.8,6.5,2.8,3.2,1.6,1,7,9,3.37,TRUE,TRUE
1498,18,Male,Undergraduate,6.9,7.6,2.1,4.3,2,1,8,9,3.36,FALSE,TRUE
1499,15,Male,Undergraduate,8.7,4.4,1.6,0.8,7,6,4,4,4,FALSE,FALSE
1500,19,Male,High School,6.7,5.3,1.4,2.9,5.5,3,6,4,3.11,TRUE,FALSE
1501,20,Female,Undergraduate,5.1,8.3,5.1,4.2,9,3,10,10,3.04,TRUE,TRUE
1502,19,Female,Undergraduate,8.9,3.2,1.7,2.9,1,1,8,9,3.23,TRUE,TRUE
1503,28,Female,Undergraduate,7.2,6.5,2.1,4.6,4.8,2,10,9,3.53,FALSE,TRUE
1504,16,Male,Graduate,6.4,8,3.6,0.6,5,1,9,10,2.91,FALSE,TRUE
1505,19,Female,Undergraduate,6.7,7.3,3.3,2.8,3.7,1,8,7,2.92,FALSE,TRUE
1506,22,Female,Undergraduate,6.9,7.6,3.8,2.1,5.2,4,8,8,3.47,FALSE,TRUE
1507,20,Female,Undergraduate,6.9,5.7,2.7,1.4,4.7,2,6,4,3.26,FALSE,FALSE
1508,19,Female,Undergraduate,8.8,4.7,2,6.3,4.8,0,4,5,3.05,FALSE,FALSE
1509,17,Female,Undergraduate,6.5,7.7,3.7,3.6,2,3,8,9,3.24,FALSE,TRUE
1510,16,Female,High School,7.4,7.3,3,4.6,0.7,1,8,9,3.25,TRUE,TRUE
1511,22,Female,Undergraduate,8.2,7.8,4.5,3.7,0,2,6,6,3.01,TRUE,FALSE
1512,18,Female,Undergraduate,8.3,3.6,0.9,6,0.8,3,6,7,3.92,FALSE,FALSE
1513,20,Female,High School,7.9,4.1,2.3,4.3,9.1,1,5,4,3.27,TRUE,FALSE
1514,18,Female,Undergraduate,8.4,5.3,3.6,0.9,2.2,1,8,8,3.45,FALSE,TRUE
1515,27,Female,High School,6.8,5.8,1.9,4.5,7,1,6,5,3.56,FALSE,FALSE
1516,21,Female,Undergraduate,7.3,7.3,3.8,4.6,3.3,1,7,5,4,FALSE,TRUE
1517,14,Male,High School,8.6,4.5,3,2.7,2.6,2,6,4,3.51,FALSE,FALSE
1518,18,Female,High School,9,6.3,2.2,5.2,6.1,3,6,6,3.26,FALSE,FALSE
1519,26,Female,Undergraduate,9.1,8.2,6.1,2.3,3.3,1,7,6,3.27,FALSE,TRUE
1520,17,Non-binary,High School,6.3,6.3,4,1.1,2.8,1,7,5,3.68,FALSE,TRUE
1521,25,Female,Graduate,6,8.6,3.8,3.3,3.5,3,8,6,3.54,FALSE,TRUE
1522,17,Female,Graduate,8,6.2,4.2,3.3,2.3,1,7,8,2.98,TRUE,TRUE
1523,20,Female,Graduate,6.8,7.9,4.7,2.4,6.9,3,6,4,2.58,FALSE,FALSE
1524,17,Female,High School,5.4,11.4,5.9,5.8,1.9,0,10,10,2.65,FALSE,TRUE
1525,21,Female,Undergraduate,6.1,9.5,4.2,1.9,4.9,0,8,10,2.78,FALSE,TRUE
1526,28,Female,High School,9.6,2.6,0.2,5.9,7.5,3,4,5,3.9,FALSE,FALSE
1527,16,Female,Undergraduate,7.5,8.5,4.2,2.4,4.9,2,6,8,3.16,TRUE,FALSE
1528,18,Male,Graduate,7.4,8.7,4.7,1.7,4.2,2,6,7,3.6,TRUE,FALSE
1529,18,Female,High School,6.6,8.8,7,2.1,1.4,0,10,8,3.04,FALSE,TRUE
1530,20,Male,High School,7.7,3.8,2,3.5,2.1,4,8,8,3.94,TRUE,TRUE
1531,20,Female,Undergraduate,7.5,7.5,6.3,1.9,6,1,6,4,3.04,TRUE,FALSE
1532,19,Non-binary,Undergraduate,7.9,5,2.7,5.6,0,2,8,9,2.96,FALSE,TRUE
1533,17,Female,Undergraduate,6.6,5.9,3.1,6.5,8.6,0,8,9,3.4,FALSE,TRUE
1534,20,Female,High School,7.4,7.7,4.6,3.5,3,3,8,7,3.06,TRUE,TRUE
1535,14,Male,Undergraduate,8.9,4.1,2.4,3.2,8.5,2,4,6,4,FALSE,FALSE
1536,19,Male,Undergraduate,5.7,7.4,5.1,3.7,1.7,1,9,10,2.93,TRUE,TRUE
1537,17,Male,Graduate,8.2,4.5,3.3,3.7,3.2,3,6,5,3.67,TRUE,FALSE
1538,19,Female,Graduate,9.8,1.4,1.3,2,1.4,2,5,5,3.82,FALSE,FALSE
1539,20,Female,Graduate,6.9,9,4.1,0.9,0.1,3,9,10,2.86,TRUE,TRUE
1540,22,Female,Undergraduate,8.1,5.5,1.7,4.7,5.9,1,4,2,4,FALSE,FALSE
1541,16,Female,Undergraduate,6.3,6.2,3.3,4,3.3,2,6,6,3.36,TRUE,FALSE
1542,20,Female,High School,5.9,12.4,6.1,3.5,7.2,1,10,10,2.59,FALSE,TRUE
1543,21,Male,Undergraduate,6.4,8,4.4,3.7,4.6,1,9,8,2.52,FALSE,TRUE
1544,20,Female,Undergraduate,7.6,8.6,4.9,2.3,0.8,0,7,7,3.19,FALSE,TRUE
1545,21,Male,High School,6.8,6.6,2.5,2.2,3.3,1,6,8,3.07,FALSE,FALSE
1546,17,Male,Undergraduate,7.7,4.4,1.8,3.6,0.9,3,7,5,3.25,FALSE,TRUE
1547,23,Female,High School,7,7.7,2.2,3.6,4.5,1,6,5,3.86,TRUE,FALSE
1548,18,Non-binary,Undergraduate,6.1,9.1,2.8,6.8,1.4,3,10,10,3.33,FALSE,TRUE
1549,22,Male,Undergraduate,6.7,7.8,4.7,1.4,2.8,3,10,8,2.58,TRUE,TRUE
1550,20,Female,Undergraduate,5.7,10.2,4.7,3.3,3.7,2,10,10,2.5,TRUE,TRUE
1551,19,Male,Undergraduate,7,6.6,5.4,5.2,0.6,1,9,10,3.22,FALSE,TRUE
1552,17,Male,Graduate,7.7,8.2,3.3,0.7,2.8,1,7,7,2.82,TRUE,TRUE
1553,22,Female,Undergraduate,7.6,8.7,4.6,0,7,2,5,6,3.56,FALSE,FALSE
1554,18,Male,Undergraduate,7.6,6.9,4,2.7,4.9,1,4,4,3.24,FALSE,FALSE
1555,26,Male,Graduate,9.4,4.1,3.4,2,6.2,2,6,4,3.31,FALSE,FALSE
1556,14,Female,Undergraduate,6.5,11,5.8,1.2,0.5,2,10,9,2.91,TRUE,TRUE
1557,27,Female,High School,7.8,6.2,2.5,3.3,2.7,1,8,9,3.08,TRUE,TRUE
1558,18,Male,Undergraduate,7.7,6.7,4.8,3.4,1.3,2,8,8,2.65,TRUE,TRUE
1559,20,Female,Undergraduate,6.9,5.9,2.6,2.6,4.8,0,7,7,3.41,TRUE,TRUE
1560,21,Female,High School,6.9,5.7,4.5,5.6,0,3,8,8,2.79,FALSE,TRUE
1561,27,Male,Undergraduate,6.6,8,4.5,5.5,4.8,3,9,8,2.64,FALSE,TRUE
1562,17,Female,Undergraduate,7.8,3.7,1.9,1.7,6.2,0,5,5,3.7,TRUE,FALSE
1563,23,Male,High School,8.6,3,3.3,4.2,4.6,6,5,7,3.24,FALSE,FALSE
1564,22,Female,Undergraduate,8.4,6.9,3.8,0.6,2.6,3,7,9,3.11,FALSE,TRUE
1565,21,Male,Graduate,6.8,7.5,4,2.1,6.8,4,5,6,3.11,FALSE,FALSE
1566,20,Female,Graduate,7.3,4.7,2.4,3.3,2.2,4,6,6,3.66,FALSE,FALSE
1567,21,Female,Undergraduate,7.1,4.5,3.4,1.7,3.7,2,5,6,3.43,TRUE,FALSE
1568,21,Female,Undergraduate,8,5.2,4.1,4.6,4.5,1,7,8,3.24,TRUE,TRUE
1569,19,Female,Undergraduate,6.3,10.2,5.9,0.7,0.8,2,9,8,2.81,FALSE,TRUE
1570,19,Male,Undergraduate,8.5,7.8,4.9,1.6,7.4,2,4,5,3.26,TRUE,FALSE
1571,21,Female,Undergraduate,7.7,3.9,1.5,2.5,4.2,0,7,7,3.25,FALSE,TRUE
1572,19,Male,High School,8.6,5.8,3.2,3.2,5.2,1,6,6,3.47,TRUE,FALSE
1573,19,Female,High School,6.2,4.7,2.8,2.6,2.6,2,10,8,2.5,FALSE,TRUE
1574,18,Female,High School,7.6,1.3,0.1,2.7,3.7,2,8,9,3.18,TRUE,TRUE
1575,26,Female,High School,8.1,6.7,4.2,3.6,4,4,6,5,3,TRUE,FALSE
1576,22,Male,Undergraduate,6.7,8.8,5.8,5.1,3.5,3,8,8,3.63,FALSE,TRUE
1577,23,Female,Graduate,7.1,6.8,4.8,4.3,4.9,1,6,7,3.26,TRUE,FALSE
1578,18,Male,Graduate,7.8,3.5,1.5,4.6,3.3,1,4,4,4,FALSE,FALSE
1579,21,Female,Undergraduate,7.3,9.3,6.2,3.3,1.1,2,9,9,2.84,FALSE,TRUE
1580,21,Female,Undergraduate,8.7,4.2,2.3,0.8,2,1,6,5,3.21,FALSE,FALSE
1581,20,Male,High School,8.8,6.6,3.6,3.7,1.1,3,7,5,3.68,TRUE,TRUE
1582,19,Female,Graduate,8.6,3.5,1,2.5,3.8,0,6,8,3.5,FALSE,FALSE
1583,14,Male,High School,6.8,11.3,5.6,5.1,8.9,4,7,6,2.98,FALSE,TRUE
1584,20,Female,High School,6.2,6.9,3.1,2.6,3.7,3,7,6,3.27,FALSE,TRUE
1585,16,Male,Undergraduate,7.1,4.3,2.1,3.1,0.6,0,8,8,3.35,FALSE,TRUE
1586,18,Female,Undergraduate,7.6,7,4.2,4.9,3,0,9,7,3.41,TRUE,TRUE
1587,19,Female,High School,8.3,5.7,3.7,0.9,4,1,7,5,3.37,FALSE,TRUE
1588,22,Female,Graduate,7.3,10.7,3.8,4.7,6.9,1,6,8,3.31,FALSE,FALSE
1589,19,Female,High School,6.4,5.6,3,4.3,7.4,0,5,3,3.73,FALSE,FALSE
1590,21,Male,Undergraduate,7.8,3.8,2.8,4.9,4.1,2,8,9,3.11,TRUE,TRUE
1591,22,Female,Undergraduate,7.6,4.5,2.3,5.4,7,2,5,7,3.84,FALSE,FALSE
1592,19,Prefer not to say,Undergraduate,8,2,0.9,2.9,0.5,2,6,8,3.75,TRUE,FALSE
1593,20,Female,Undergraduate,6,6.5,4.3,3.9,3.1,1,7,9,3.07,FALSE,TRUE
1594,18,Male,Undergraduate,8.1,5.5,2.8,4.7,7.1,1,6,5,3.45,TRUE,FALSE
1595,27,Female,Undergraduate,5.8,6.9,2,3.2,2,2,9,10,2.82,FALSE,TRUE
1596,17,Female,Undergraduate,7.6,7.3,2.6,2.7,0,1,8,6,3.4,FALSE,TRUE
1597,24,Female,Graduate,8.6,4.3,2.8,4.5,1.6,2,6,7,3.26,TRUE,FALSE
1598,17,Female,High School,8.5,5,2.6,3,5.2,2,4,2,4,FALSE,FALSE
1599,22,Male,Undergraduate,6.4,11.1,5.8,0,1.6,2,8,7,2.46,FALSE,TRUE
1600,22,Female,Undergraduate,8.4,3.9,1.8,3.5,0.2,2,8,10,3.77,FALSE,TRUE
1601,17,Male,Undergraduate,5.2,10.1,3.6,4.4,0.2,0,8,6,3.46,TRUE,TRUE
1602,21,Female,Undergraduate,6.1,8.2,3.4,0.9,5.1,1,9,10,3.4,TRUE,TRUE
1603,20,Male,Undergraduate,5.2,13.3,7.2,1.3,9.2,0,7,6,3.05,TRUE,TRUE
1604,21,Female,Undergraduate,5.6,8.7,3.2,4.1,3.3,2,10,10,2.83,TRUE,TRUE
1605,23,Male,Undergraduate,6.3,6.7,3,3.9,2.9,3,9,8,2.85,TRUE,TRUE
1606,22,Non-binary,Graduate,6.6,7.7,4.7,2.8,3.5,2,9,7,3.07,FALSE,TRUE
1607,20,Male,Undergraduate,7,7.7,3.9,4.6,0,0,8,7,3.19,TRUE,TRUE
1608,18,Female,Undergraduate,7.4,8.5,4.6,2,3.5,1,8,6,3.31,FALSE,TRUE
1609,20,Female,Graduate,6.4,5.4,2,5.3,5.2,1,7,7,3.34,FALSE,TRUE
1610,20,Male,Undergraduate,8.5,3.6,1.5,2.1,4.1,2,5,3,3.45,TRUE,FALSE
1611,23,Female,Undergraduate,7.7,2.9,0.1,5.2,4.7,4,6,8,3.8,FALSE,FALSE
1612,22,Female,Graduate,8.2,3.9,2.3,4.5,3,2,5,5,3.5,TRUE,FALSE
1613,14,Male,Undergraduate,7.5,9.2,2.8,1.1,0,3,8,9,3.48,FALSE,TRUE
1614,16,Male,High School,7.2,6,4.3,1.4,1.9,5,7,9,3.65,FALSE,TRUE
1615,17,Female,Undergraduate,6.9,9.6,6.9,4,5.1,3,9,7,3.02,FALSE,TRUE
1616,18,Male,Graduate,8.9,3.7,4.4,2.6,4.5,4,6,6,3.32,FALSE,FALSE
1617,18,Female,Undergraduate,7.2,7.8,6,6,4.4,1,7,9,3.16,FALSE,TRUE
1618,19,Female,Graduate,8.2,4.6,4,4.8,5.1,1,7,8,3.52,TRUE,TRUE
1619,19,Female,Undergraduate,5,9.2,3.7,3.7,4.6,0,9,8,2.53,FALSE,TRUE
1620,20,Male,High School,7.7,5.7,2.5,0.5,5.8,1,7,5,3.35,FALSE,TRUE
1621,20,Non-binary,Undergraduate,5.6,8.7,4.9,1.7,5.1,0,8,8,2.79,FALSE,TRUE
1622,16,Female,High School,8.5,4.8,2.2,2.7,7,1,6,5,4,FALSE,FALSE
1623,16,Male,Graduate,7.8,4.9,2.3,1.2,5.4,1,6,5,3.18,TRUE,FALSE
1624,22,Female,Undergraduate,5.2,10.9,6.4,1.4,3.4,2,10,10,2.66,FALSE,TRUE
1625,23,Non-binary,Graduate,6.7,10.3,5,1.4,6.6,0,9,9,3.17,FALSE,TRUE
1626,19,Prefer not to say,High School,8.9,3.5,2.1,2.1,6.5,1,6,7,3.5,TRUE,FALSE
1627,18,Female,Undergraduate,7.5,4.4,2.1,3.9,4.6,3,7,7,3.04,FALSE,TRUE
1628,19,Female,Undergraduate,8.3,4.6,3.1,3.3,6,5,6,6,3.49,TRUE,FALSE
1629,22,Male,High School,6.6,2.6,0,3.3,3.2,2,8,7,3.49,FALSE,TRUE
1630,16,Male,High School,8.8,1.8,0.8,2.3,1.2,1,7,5,4,FALSE,TRUE
1631,14,Male,High School,6.8,10.5,4,3.1,7.1,3,7,6,3.22,FALSE,TRUE
1632,21,Female,Undergraduate,6.8,9.1,5.7,4,7,2,6,5,3.05,FALSE,FALSE
1633,20,Male,Undergraduate,9.4,2.7,1.3,1.8,0,1,5,4,3.71,TRUE,FALSE
1634,20,Male,Undergraduate,7.5,2.1,1.7,3.4,2,4,5,4,3.74,TRUE,FALSE
1635,23,Male,High School,6.9,9.8,2.9,0.8,5.8,3,8,6,3.4,FALSE,TRUE
1636,23,Male,Undergraduate,7.3,8.5,5.3,5.2,0,4,9,7,3.23,FALSE,TRUE
1637,16,Female,Undergraduate,6.3,7.9,4.5,3.2,7.7,2,7,9,2.96,TRUE,TRUE
1638,20,Male,High School,8.1,8.8,6.9,5.7,8.1,3,6,8,3.61,FALSE,FALSE
1639,23,Female,Undergraduate,8.7,7.1,4,3.5,0,2,7,9,3.17,FALSE,TRUE
1640,25,Female,Undergraduate,8.6,5.8,5.4,4.5,5.3,1,7,6,3.35,FALSE,TRUE
1641,18,Female,Graduate,8,1.3,0,2.9,2.1,2,7,7,3.32,FALSE,TRUE
1642,23,Male,Undergraduate,8.2,5.6,3.8,2.6,3,1,9,8,2.84,FALSE,TRUE
1643,21,Female,Graduate,7.6,6,3.7,3.9,0,3,6,4,3.54,TRUE,FALSE
1644,14,Male,Undergraduate,7.3,6.8,3.7,5.3,4.5,3,6,6,3.65,FALSE,FALSE
1645,23,Female,Undergraduate,7.4,7,3.1,2.7,4.4,1,8,7,2.65,FALSE,TRUE
1646,15,Male,Undergraduate,5.8,10.6,5.3,4.1,2.6,1,10,10,2.34,FALSE,TRUE
1647,22,Male,High School,5.8,10.5,6.2,2.9,7.2,2,10,9,3.24,FALSE,TRUE
1648,23,Male,High School,8.5,4.6,2.6,4.6,8.7,0,6,4,2.84,FALSE,FALSE
1649,14,Female,High School,7.2,4.7,3.6,4.3,3,1,7,7,3.09,TRUE,TRUE
1650,21,Male,Undergraduate,8.2,6.1,2.7,4.1,0.5,0,6,7,4,FALSE,FALSE
1651,24,Prefer not to say,High School,6.1,12,6.1,0.3,0,2,10,10,2.32,FALSE,TRUE
1652,21,Male,Undergraduate,5.9,5.5,2.1,4.8,8,0,6,5,3.43,FALSE,FALSE
1653,19,Female,High School,8.1,3.7,0.5,1.2,2.7,2,8,9,3.54,TRUE,TRUE
1654,16,Male,Undergraduate,7.1,8,4.7,0.5,3.6,3,7,5,3.18,FALSE,TRUE
1655,20,Female,Undergraduate,7.7,5.9,3.2,6,2,1,8,7,3.04,FALSE,TRUE
1656,23,Female,Undergraduate,6.4,6.9,4.3,3.3,1.9,0,7,5,3.06,TRUE,TRUE
1657,20,Female,High School,6.9,5.3,2.8,5.2,4.9,1,7,5,3.38,FALSE,TRUE
1658,14,Male,Graduate,8.7,6.3,3.8,1.7,3.1,4,6,6,3.68,FALSE,FALSE
1659,20,Female,Undergraduate,6.2,8.2,4.2,4.3,0,2,9,10,2.8,FALSE,TRUE
1660,16,Non-binary,Undergraduate,6.8,6.4,3.8,0.6,4.2,0,6,8,3.45,FALSE,FALSE
1661,22,Male,High School,7.6,6.8,3.6,1.7,1.2,0,5,3,3.4,FALSE,FALSE
1662,19,Male,Undergraduate,5.9,6.3,3,5.5,5.3,1,6,7,3.16,FALSE,FALSE
1663,21,Female,High School,7.6,4.3,2.3,2.7,2.3,1,7,8,3.44,FALSE,TRUE
1664,22,Female,Undergraduate,7.7,6.5,3,3.2,1.4,0,9,10,3.25,TRUE,TRUE
1665,18,Male,Undergraduate,7.3,5.7,2.3,5.1,1.9,1,8,10,3.75,FALSE,TRUE
1666,17,Male,High School,5,9.8,5.7,3.1,0,3,9,8,2.32,FALSE,TRUE
1667,22,Female,Undergraduate,6.3,11.7,7.3,1.7,5,1,9,7,3.1,TRUE,TRUE
1668,25,Female,High School,7.1,5.5,2.9,1.9,7.7,2,6,8,3.79,FALSE,FALSE
1669,14,Male,Graduate,7.5,5.8,3,2.2,5.1,1,8,10,3.58,FALSE,TRUE
1670,18,Male,Undergraduate,6.3,9.1,7.8,4.7,3.5,3,8,8,2.91,TRUE,TRUE
1671,21,Male,Undergraduate,6.9,5.1,3.6,4.8,3.3,0,7,5,2.79,FALSE,TRUE
1672,21,Female,High School,7.2,7.6,4.5,2.6,2.4,1,7,6,2.82,FALSE,TRUE
1673,20,Male,Undergraduate,6.9,6.6,3,2.4,0.7,2,10,10,2.62,TRUE,TRUE
1674,21,Female,Undergraduate,8,5.2,3.6,2.3,6.4,2,6,4,3.16,FALSE,FALSE
1675,14,Female,High School,7.3,9.4,5,2.6,2.3,0,7,9,3.47,FALSE,TRUE
1676,20,Female,Undergraduate,7.8,5.4,3.9,3.6,3.4,2,7,5,3.62,FALSE,TRUE
1677,22,Male,Undergraduate,7.9,5.3,3.7,4.8,8.1,1,6,6,3.62,FALSE,FALSE
1678,19,Female,Graduate,7.8,1.5,1.6,3.7,2.8,3,6,8,3.87,FALSE,FALSE
1679,15,Male,Graduate,6.8,7.3,2.8,2.7,4.3,3,9,10,3.2,TRUE,TRUE
1680,19,Male,Undergraduate,8.1,5.4,3.4,1.5,9.6,1,7,6,3.31,FALSE,TRUE
1681,14,Male,Graduate,8.6,4.5,0,1.6,2.3,2,6,6,3.63,FALSE,FALSE
1682,22,Male,Undergraduate,7.7,2.6,3.2,4.7,6,2,5,5,3.58,TRUE,FALSE
1683,14,Male,High School,6.9,7.3,5.1,3.8,2.6,4,9,9,2.56,FALSE,TRUE
1684,19,Female,High School,5.4,7.4,4.5,3.5,6.3,2,8,7,2.99,TRUE,TRUE
1685,22,Male,Undergraduate,9.3,3.6,1.9,2.3,5.1,1,5,7,3.3,FALSE,FALSE
1686,21,Male,High School,6.9,6.9,3.7,4.8,10,2,6,6,3.37,FALSE,FALSE
1687,18,Male,Graduate,7.2,2.1,1.9,3.2,0,3,7,7,3.09,FALSE,TRUE
1688,22,Male,Undergraduate,6.3,10.5,6.3,2.6,2,0,10,9,2.84,FALSE,TRUE
1689,21,Male,Graduate,7.5,5.9,2.8,3.3,0.9,3,7,5,3.69,TRUE,TRUE
1690,21,Male,Undergraduate,8.6,7.5,3,0,3.1,0,7,6,3.24,FALSE,TRUE
1691,14,Male,High School,8.4,7.2,6.7,3.2,5.8,3,6,7,3.45,FALSE,FALSE
1692,20,Male,Undergraduate,7.1,9.5,5.2,2.8,0,2,10,10,2.9,TRUE,TRUE
1693,19,Female,High School,7.6,6.3,5,5.6,4.7,0,8,10,3.37,FALSE,TRUE
1694,20,Male,Undergraduate,7.6,4.1,1.5,2,3.7,2,8,9,3.26,FALSE,TRUE
1695,21,Female,High School,7.7,7.4,2.1,4.3,3.1,3,7,7,3.59,FALSE,TRUE
1696,18,Male,Undergraduate,6.4,9.5,4.7,2.4,3,6,10,9,3.09,FALSE,TRUE
1697,23,Male,High School,6.9,9.1,3.8,5,0.6,0,7,8,3.27,FALSE,TRUE
1698,14,Male,Undergraduate,8.3,4.5,2.2,5.2,10.9,1,7,7,2.41,FALSE,TRUE
1699,19,Female,Undergraduate,8.2,5.1,3.2,2.1,0,3,9,10,3.38,FALSE,TRUE
1700,19,Female,Undergraduate,7.5,6.9,2.8,2.7,3.4,1,8,7,3.16,FALSE,TRUE
1701,18,Male,Graduate,6.6,8.2,5.1,2.5,4.3,2,7,6,2.95,TRUE,TRUE
1702,15,Male,High School,9.2,2.6,1.3,6,4.6,0,4,2,3.41,FALSE,FALSE
1703,19,Male,Undergraduate,7.9,6.9,5,3,6.2,3,6,8,2.82,FALSE,FALSE
1704,19,Male,High School,7.4,7.6,2.8,4,4,1,8,9,3.37,FALSE,TRUE
1705,18,Female,High School,8.1,5.3,3.9,2.4,7.7,2,5,7,3.24,FALSE,FALSE
1706,17,Female,Undergraduate,8.2,7.1,4.6,3.8,1.4,1,9,10,2.71,TRUE,TRUE
1707,21,Male,Graduate,5.7,9.9,5.2,2.8,5.9,0,10,10,2.67,FALSE,TRUE
1708,19,Prefer not to say,Undergraduate,7,7.7,2,3.3,2,3,7,6,3.39,FALSE,TRUE
1709,21,Male,Undergraduate,8.5,5.1,3.2,1.1,1.5,2,8,10,3.41,FALSE,TRUE
1710,19,Non-binary,Undergraduate,5.7,7.9,4.7,2.6,5.4,3,7,7,3.05,FALSE,TRUE
1711,17,Male,Undergraduate,9.2,4.4,1.5,4.8,1.9,0,7,7,3.38,TRUE,TRUE
1712,19,Male,Undergraduate,7,9.1,4.2,1.1,0,0,9,9,3.63,TRUE,TRUE
1713,18,Prefer not to say,Undergraduate,7.2,7.6,5.2,1.4,5.1,3,7,9,2.89,FALSE,TRUE
1714,16,Male,High School,6.4,12.8,5.3,2.2,3.1,4,10,10,2.86,TRUE,TRUE
1715,21,Male,Graduate,6.1,8.4,5.1,3.7,7.8,0,7,9,2.74,TRUE,TRUE
1716,20,Prefer not to say,Undergraduate,8.2,9.1,6,5.7,4.8,2,8,10,3.06,FALSE,TRUE
1717,23,Male,High School,7.4,6.1,4.9,1.2,4.1,2,8,10,2.82,TRUE,TRUE
1718,19,Female,Undergraduate,7.3,5.7,3.5,5.3,5.7,3,7,6,2.83,TRUE,TRUE
1719,16,Female,High School,7.2,5.7,0.8,2,2.2,1,7,5,3.37,TRUE,TRUE
1720,18,Male,Undergraduate,10.2,5.4,3.1,2,8,1,3,5,4,FALSE,FALSE
1721,23,Male,High School,7.7,11.2,6.5,3.6,3.6,1,5,4,3.52,TRUE,FALSE
1722,15,Male,Undergraduate,8.8,4.3,1,2.1,2.4,0,6,7,3.23,TRUE,FALSE
1723,16,Male,Undergraduate,7.4,6.9,4.9,2.8,5.4,3,9,10,2.7,FALSE,TRUE
1724,26,Male,Undergraduate,6.7,4.6,2.9,2.3,4.8,0,8,7,3.59,TRUE,TRUE
1725,16,Male,Undergraduate,8,7,4,3.4,2.3,6,7,6,3.62,FALSE,TRUE
1726,22,Male,High School,6,6.1,5.1,4.8,5.4,3,6,7,3,FALSE,FALSE
1727,20,Female,Undergraduate,6.8,5.6,2.9,1,1.9,1,8,9,3.65,FALSE,TRUE
1728,17,Male,High School,7.3,8,4.5,2.8,4.7,1,8,10,3.1,FALSE,TRUE
1729,20,Prefer not to say,Undergraduate,6.6,9,5.7,3.9,0,1,10,8,2.76,TRUE,TRUE
1730,16,Male,Graduate,7,8.9,4.1,4.9,3.8,2,7,5,2.87,FALSE,TRUE
1731,19,Female,Undergraduate,6.6,6.8,5.4,0.8,1.6,1,9,9,2.6,FALSE,TRUE
1732,19,Female,Undergraduate,8.5,4.6,0.7,3.5,1,3,7,8,3.78,FALSE,TRUE
1733,23,Female,Undergraduate,7.3,4.6,2.3,1.7,0.8,0,9,7,2.65,TRUE,TRUE
1734,19,Female,High School,6.4,4.8,3.2,2.1,0.4,2,8,6,3.32,TRUE,TRUE
1735,21,Male,Undergraduate,8.5,6.9,5.3,5,4.1,1,7,9,3.38,FALSE,TRUE
1736,21,Female,Graduate,6,7.3,5.5,5.4,4.9,1,9,10,3,TRUE,TRUE
1737,14,Female,Graduate,7.6,7.3,3.7,2.5,4.8,0,7,6,2.87,FALSE,TRUE
1738,19,Male,High School,7.5,6.8,2,1.8,1.5,2,6,8,3.13,FALSE,FALSE
1739,20,Female,Undergraduate,6.9,6.8,5.5,0,3.5,2,9,10,2.79,TRUE,TRUE
1740,22,Female,High School,6.9,5,2,3.9,4.4,3,8,10,2.9,TRUE,TRUE
1741,20,Female,High School,9.2,2.3,2.1,0.9,6.7,2,4,3,4,FALSE,FALSE
1742,16,Female,Undergraduate,8.3,6.2,3.6,5.7,9.2,1,6,8,3.38,TRUE,FALSE
1743,24,Male,Undergraduate,6.8,9.4,5.8,3.6,1.9,0,10,10,2.64,FALSE,TRUE
1744,21,Male,High School,7.6,7.3,2.6,2.3,5.5,0,7,9,3.66,FALSE,TRUE
1745,18,Female,Undergraduate,8.4,3.7,1.7,3.1,1.5,4,7,9,3.81,FALSE,TRUE
1746,20,Male,High School,6.8,7,4,3.3,0.3,1,7,7,2.52,TRUE,TRUE
1747,14,Female,Undergraduate,8.3,3.5,3.1,3.9,0.9,1,7,9,2.82,FALSE,TRUE
1748,16,Male,Undergraduate,6.8,7.1,5.6,2.6,4.1,2,8,8,2.87,FALSE,TRUE
1749,20,Male,Undergraduate,8.1,6.8,2.5,2.1,3.4,2,8,9,2.91,TRUE,TRUE
1750,19,Female,High School,8.5,3.9,1.8,1.2,5,3,4,3,3.7,FALSE,FALSE
1751,19,Male,Undergraduate,8.9,5.9,1.2,4,0,3,7,6,3.95,FALSE,TRUE
1752,21,Female,High School,8.9,4.7,3.4,1.4,3.7,4,6,4,3.68,FALSE,FALSE
1753,19,Female,High School,6.6,8.7,4.1,0.2,1.3,1,10,10,3.09,FALSE,TRUE
1754,22,Male,Graduate,6,10.5,4.6,2.1,0,1,8,6,3.53,FALSE,TRUE
1755,20,Male,Undergraduate,6.7,2.9,0.7,2.9,2,3,7,7,3.19,FALSE,TRUE
1756,22,Female,Graduate,6.6,6.3,4.5,2.6,2.4,1,6,7,2.97,TRUE,FALSE
1757,20,Male,Undergraduate,8.5,4.3,2.7,4.7,8.2,2,5,7,3.53,TRUE,FALSE
1758,22,Female,High School,7.6,4.9,2.2,2.5,1.8,5,8,8,3.2,FALSE,TRUE
1759,21,Female,Undergraduate,5.9,8.7,5.4,2.3,1.5,2,9,9,2.92,FALSE,TRUE
1760,24,Male,Graduate,7.2,6.6,3,4.5,2.8,1,10,10,2.71,FALSE,TRUE
1761,25,Female,Undergraduate,6.4,7.4,3.2,3.1,9.3,3,8,6,3.27,TRUE,TRUE
1762,21,Male,Graduate,7.1,7.5,3.4,5.2,9.3,2,7,6,2.92,FALSE,TRUE
1763,16,Non-binary,High School,6.3,6,2.7,2.6,2.3,0,8,7,3.35,TRUE,TRUE
1764,22,Male,High School,7.9,2.5,1.7,3.2,1,1,6,5,3.49,FALSE,FALSE
1765,17,Male,High School,7.9,7.8,3.6,0.8,4.2,1,8,9,3.6,TRUE,TRUE
1766,22,Male,Undergraduate,9.7,1.3,0.5,2.9,2.1,5,4,4,4,FALSE,FALSE
1767,19,Female,High School,8.8,2.7,1,2.8,8.1,3,5,4,3.47,FALSE,FALSE
1768,20,Female,Undergraduate,8.6,1.6,0.5,0.3,7.7,1,6,6,3.9,FALSE,FALSE
1769,17,Male,High School,6.9,3.6,2.3,2.5,1.4,1,5,7,3.08,FALSE,FALSE
1770,19,Female,Graduate,6.7,5.1,4.1,3.5,3.3,1,7,6,2.93,FALSE,TRUE
1771,16,Female,Undergraduate,7.7,7,4.4,1,3.1,3,7,6,3.21,FALSE,TRUE
1772,17,Female,Undergraduate,7.8,6.7,3.8,4.4,2.6,3,8,7,3.87,TRUE,TRUE
1773,20,Female,Graduate,8.4,5.8,2.1,1.5,3.7,0,4,4,3.63,FALSE,FALSE
1774,21,Female,Undergraduate,7,4.8,2.6,3.4,1.9,2,7,9,3.41,FALSE,TRUE
1775,17,Female,High School,8.1,2.9,1.6,5.7,6,4,4,5,3.57,FALSE,FALSE
1776,19,Female,Graduate,7.7,5.8,4.1,3.6,7.3,1,5,6,3.51,TRUE,FALSE
1777,24,Female,Undergraduate,6.8,7.1,3.6,2.6,6,1,7,7,3.22,FALSE,TRUE
1778,19,Male,High School,7.7,8.1,4.9,3.2,1.3,0,9,7,2.44,TRUE,TRUE
1779,20,Male,High School,6.2,8.6,3.5,4.9,3.4,2,8,7,3.3,FALSE,TRUE
1780,23,Female,Undergraduate,6.7,10.1,6.4,2.9,3.8,3,7,6,2.81,FALSE,TRUE
1781,19,Female,Undergraduate,7.9,6.6,4.7,1.2,5,3,8,10,3.35,TRUE,TRUE
1782,20,Female,High School,6.5,9.7,5.5,2.2,1.5,1,10,10,2.94,FALSE,TRUE
1783,19,Male,Undergraduate,7.3,5.3,2.7,2.4,1.7,3,8,7,2.68,FALSE,TRUE
1784,18,Female,Undergraduate,8.5,2.2,0,2.8,3,1,6,5,4,FALSE,FALSE
1785,23,Male,Undergraduate,7.8,8.5,7.1,5,2.1,1,8,8,3.13,FALSE,TRUE
1786,24,Male,Undergraduate,7.6,6.8,4,2.4,7.2,2,5,3,3.25,TRUE,FALSE
1787,22,Male,Undergraduate,6.7,6.2,3.1,6,7.7,2,7,9,3.1,FALSE,TRUE
1788,19,Female,Graduate,6.4,6.6,3.9,2.3,5.5,1,8,8,3.09,TRUE,TRUE
1789,17,Male,Undergraduate,8.9,4,1.1,1.2,4.6,2,6,5,3.52,FALSE,FALSE
1790,17,Male,High School,8.6,3.9,2.3,2.1,6.4,1,6,5,3.38,FALSE,FALSE
1791,14,Male,Undergraduate,6.8,6.2,3.4,3.1,3.4,1,7,5,3.36,FALSE,TRUE
1792,21,Male,Undergraduate,6.9,7.8,3,1.9,5.3,4,8,6,3.36,TRUE,TRUE
1793,26,Female,Undergraduate,7.1,6,3.2,5.5,0,1,8,10,2.93,FALSE,TRUE
1794,19,Female,Undergraduate,10.1,1.4,0,0.6,4.2,2,6,4,3.3,TRUE,FALSE
1795,20,Male,High School,8.3,2.7,1,1.6,4.3,3,5,5,3.67,TRUE,FALSE
1796,21,Female,High School,8.1,5.1,1.6,0.2,1.1,2,8,6,3.72,TRUE,TRUE
1797,18,Female,High School,8.7,7,4.1,2.7,6.1,0,7,9,3.48,FALSE,TRUE
1798,22,Female,High School,7.2,6.2,3.4,3.6,1,0,7,8,3.59,FALSE,TRUE
1799,16,Male,Undergraduate,7,5.5,2.3,1.7,0,2,7,8,2.64,TRUE,TRUE
1800,19,Male,Undergraduate,7.6,3.7,2.4,2.8,5.5,0,9,7,2.99,FALSE,TRUE
1801,14,Male,Undergraduate,6.5,7.3,4.9,1.9,4.1,1,7,7,2.8,FALSE,TRUE
1802,18,Female,High School,6.7,10.5,7,3.1,3.6,4,9,7,2.5,FALSE,TRUE
1803,18,Male,Undergraduate,5.8,11.2,6.2,4,3,1,10,9,2.33,TRUE,TRUE
1804,22,Male,Undergraduate,7.3,5.3,4,3.1,5.9,3,6,4,3.01,TRUE,FALSE
1805,16,Male,Undergraduate,8.3,3.9,0.4,5,1.1,1,8,10,3.53,FALSE,TRUE
1806,21,Female,High School,7.9,5.2,4.3,1.5,4.9,2,5,4,3.58,FALSE,FALSE
1807,17,Male,High School,9.3,3.1,1.8,4.8,0.4,2,6,8,3.23,FALSE,FALSE
1808,14,Male,Undergraduate,7.6,5.5,2.8,0.8,2.7,2,6,8,4,FALSE,FALSE
1809,24,Female,High School,7.2,6.4,3.2,4,4.8,0,6,5,3.63,FALSE,FALSE
1810,16,Male,Undergraduate,8.5,4.9,1.5,1.4,2.9,2,7,9,3.95,TRUE,TRUE
1811,16,Female,Undergraduate,10.4,3.5,2.2,0,4.2,0,5,3,3.64,FALSE,FALSE
1812,21,Female,High School,7.6,6.3,4.6,3.4,5.4,2,7,8,2.96,TRUE,TRUE
1813,17,Female,Graduate,6.4,9.2,6.2,3.2,4.2,2,7,5,2.98,TRUE,TRUE
1814,25,Male,Undergraduate,8.4,7.2,4,0,2.3,6,8,6,3.2,TRUE,TRUE
1815,19,Female,High School,6.9,5.8,2.3,2.2,0.7,0,8,9,3.25,FALSE,TRUE
1816,20,Male,High School,6.8,8.5,3.2,3,2.5,3,9,10,3.15,FALSE,TRUE
1817,23,Male,Undergraduate,6.6,6.6,2.5,4.1,8.4,2,8,6,3.51,TRUE,TRUE
1818,19,Female,Undergraduate,8.2,3.4,1.5,4.8,1,2,6,6,3.68,FALSE,FALSE
1819,17,Female,High School,7.4,8.7,5.2,2.7,1.1,4,10,10,2.92,FALSE,TRUE
1820,15,Male,Undergraduate,6.5,6.3,3.6,3.4,0,1,9,10,3.32,FALSE,TRUE
1821,27,Prefer not to say,Undergraduate,9.4,3.5,2.2,4.2,2.5,3,7,8,3.78,FALSE,TRUE
1822,24,Female,Undergraduate,7.3,6.8,3.1,4.2,3.1,2,7,9,3.45,TRUE,TRUE
1823,18,Female,High School,7.7,2.6,1.6,3.9,1,3,8,9,3.08,TRUE,TRUE
1824,17,Female,Undergraduate,7.6,5.1,1.8,5,0.5,1,10,9,2.98,TRUE,TRUE
1825,20,Female,Graduate,6.6,7.9,3.8,4.7,1.5,3,9,10,2.66,TRUE,TRUE
1826,17,Non-binary,Undergraduate,8,3.5,1.9,3.3,0.6,1,7,8,2.92,TRUE,TRUE
1827,18,Female,Undergraduate,5.7,4.9,3.9,2,1.5,0,9,9,2.91,TRUE,TRUE
1828,20,Female,High School,5.6,7.2,3.4,3.4,3.8,1,10,10,2.86,FALSE,TRUE
1829,19,Male,High School,6.7,6.2,3.5,5,3.3,3,5,3,3.08,FALSE,FALSE
1830,18,Male,High School,6,10.4,4.3,1.9,1.6,2,7,9,2.77,FALSE,TRUE
1831,14,Male,Undergraduate,7.8,10.2,5.8,5,1,2,8,8,3.01,FALSE,TRUE
1832,18,Female,Undergraduate,7,7,3.7,2.7,5.2,1,7,6,3.3,TRUE,TRUE
1833,22,Female,Undergraduate,6,10.8,6.1,0,0,2,10,10,2.69,TRUE,TRUE
1834,15,Male,Undergraduate,7.3,3.4,2.2,2.3,5.8,2,7,5,3.49,FALSE,TRUE
1835,16,Male,Undergraduate,8.2,4.2,2.8,1.3,8.1,0,5,7,3.34,FALSE,FALSE
1836,20,Male,High School,6.8,6.6,5.5,1.7,2.4,1,8,8,3.05,FALSE,TRUE
1837,17,Male,Undergraduate,7.7,9.1,5.9,6.7,1.6,2,8,10,3.45,FALSE,TRUE
1838,19,Male,Undergraduate,7.3,5.9,5.6,2.5,9.5,0,4,5,3.9,FALSE,FALSE
1839,20,Male,Undergraduate,7.4,5.5,1.4,3.4,5,2,7,6,3.23,TRUE,TRUE
1840,18,Female,Undergraduate,8.9,2.5,1.7,3.6,0,1,7,6,3.58,FALSE,TRUE
1841,19,Male,Undergraduate,7.7,5.1,2.6,2.9,2.9,1,8,8,3.29,FALSE,TRUE
1842,22,Female,High School,5.7,5.3,1.5,1.2,0.9,0,8,8,3.28,FALSE,TRUE
1843,19,Female,Undergraduate,7.1,7.3,5.4,1.7,2.5,2,7,5,3.18,FALSE,TRUE
1844,20,Male,Undergraduate,8.2,4.9,4,2.1,1.5,3,7,5,3.89,TRUE,TRUE
1845,18,Female,Undergraduate,7.4,6.4,4.8,2.1,6.5,2,8,7,2.9,FALSE,TRUE
1846,18,Male,High School,7.8,6.3,3.6,3.6,4.9,3,6,8,3.56,FALSE,FALSE
1847,18,Male,Undergraduate,9.2,2.5,0.5,3.1,5.2,3,4,4,4,FALSE,FALSE
1848,20,Male,Undergraduate,7.8,5.6,3.8,2.7,0.4,0,7,7,3.72,TRUE,TRUE
1849,20,Female,Graduate,8.2,7.9,4.4,3.2,2,1,9,10,3.51,FALSE,TRUE
1850,22,Female,High School,9,3.4,3.1,1.6,0,1,7,9,3.84,TRUE,TRUE
1851,16,Non-binary,Undergraduate,6.6,6.5,4.9,1.5,0.2,2,7,7,3.14,FALSE,TRUE
1852,16,Male,Undergraduate,7.1,9.4,4.5,3.5,4.8,3,9,9,2.9,FALSE,TRUE
1853,17,Male,High School,6.6,8.7,4.9,2.3,2.7,2,7,9,3.18,TRUE,TRUE
1854,16,Male,Undergraduate,6.3,8.5,3.9,3.7,2.6,3,10,10,3.24,FALSE,TRUE
1855,21,Male,Undergraduate,7.9,7,4.9,5.4,6.2,0,6,8,2.71,TRUE,FALSE
1856,16,Male,Undergraduate,7,7.5,4.3,4.9,6.1,1,7,5,3.13,TRUE,TRUE
1857,21,Male,Undergraduate,7.4,4.7,1.4,3.4,5.5,2,5,7,3.32,FALSE,FALSE
1858,20,Female,High School,8,5.2,1.8,3.4,3,1,9,10,2.93,FALSE,TRUE
1859,14,Non-binary,Graduate,8.3,6.9,3.9,4.7,2.6,0,6,5,3.28,TRUE,FALSE
1860,24,Male,Undergraduate,6.6,7.1,3,5.3,3.1,2,7,9,3.29,FALSE,TRUE
1861,16,Female,Undergraduate,8.7,7.6,3.9,3.6,2.4,3,6,7,3.55,TRUE,FALSE
1862,22,Female,Undergraduate,6.8,6.8,2.2,6,1.7,1,8,9,3.41,FALSE,TRUE
1863,20,Male,Undergraduate,6.5,9,4.5,4.3,0,1,10,10,3.2,FALSE,TRUE
1864,22,Female,Undergraduate,7,9.6,4.3,3.5,3.5,1,7,8,3.72,FALSE,TRUE
1865,15,Non-binary,High School,6.8,7.2,4.8,1.7,8.1,2,7,8,3.06,TRUE,TRUE
1866,19,Non-binary,Undergraduate,8.1,7.4,3.5,4.7,1.4,2,9,7,3.39,TRUE,TRUE
1867,18,Male,Undergraduate,7,6.5,3.4,2.5,3.2,6,9,8,3.31,FALSE,TRUE
1868,24,Female,Graduate,8.7,2.3,1.1,3.6,3.8,3,6,4,3.26,TRUE,FALSE
1869,18,Female,High School,8.7,3.9,2.8,0.1,7.1,2,4,3,3.96,FALSE,FALSE
1870,22,Male,Undergraduate,7,8.1,6.2,1.8,6,3,7,5,3.06,TRUE,TRUE
1871,18,Male,High School,6.5,9.4,5.3,4.8,2.4,3,6,5,3.21,FALSE,FALSE
1872,18,Female,Graduate,6.2,8.2,3.1,1.1,0.7,2,8,6,2.93,FALSE,TRUE
1873,22,Female,Undergraduate,7.4,4.5,0.7,4.4,6.2,1,4,6,3.54,TRUE,FALSE
1874,24,Male,Undergraduate,6.7,4.5,2.9,1.7,6.5,1,5,4,3.57,TRUE,FALSE
1875,20,Female,High School,4.4,8.2,4.1,1.3,3.4,0,9,10,2.86,FALSE,TRUE
1876,23,Male,Undergraduate,7.9,9,4.8,2.8,3.6,1,9,9,3.46,TRUE,TRUE
1877,15,Male,Undergraduate,6.9,7.5,5,0.6,6.3,3,7,8,3.1,TRUE,TRUE
1878,24,Male,High School,6.6,8.7,5.2,1.7,1.5,4,8,8,3.24,FALSE,TRUE
1879,17,Male,Undergraduate,7.8,9.9,5.6,4.1,4.1,3,6,8,3.53,TRUE,FALSE
1880,24,Female,Undergraduate,6.3,8.2,2.9,4.8,0,1,8,9,2.86,TRUE,TRUE
1881,17,Prefer not to say,High School,6.6,7.1,3.9,2.8,3.4,1,8,7,2.75,FALSE,TRUE
1882,19,Female,Undergraduate,7.2,7.6,4.1,4.9,3.4,1,8,8,2.93,TRUE,TRUE
1883,17,Female,Undergraduate,6.8,6.8,2.2,2.1,1.3,3,9,9,3.38,TRUE,TRUE
1884,18,Male,Graduate,6.2,6,3.3,2.3,0.9,4,9,10,3.17,FALSE,TRUE
1885,17,Female,Undergraduate,7.2,5.3,3.3,1.4,1.6,2,5,7,3.38,TRUE,FALSE
1886,19,Male,High School,5.8,6.5,3.1,1.4,0,2,9,10,3.06,FALSE,TRUE
1887,19,Female,High School,8.3,6.8,3.6,3.6,0,1,10,10,2.71,FALSE,TRUE
1888,14,Male,Graduate,5.8,11.6,5.9,1.7,4.5,2,10,10,2.69,TRUE,TRUE
1889,15,Female,Undergraduate,5.7,7.5,5.5,3.2,4.8,3,9,10,3.07,FALSE,TRUE
1890,20,Male,Graduate,7.5,6.6,2.9,2,5.2,3,6,4,3.43,TRUE,FALSE
1891,19,Male,Undergraduate,8.1,7.1,3.2,4.9,8.9,2,6,5,3.32,FALSE,FALSE
1892,15,Male,Undergraduate,7.9,6.7,2.8,2.6,4.9,1,9,10,3.29,FALSE,TRUE
1893,23,Male,Graduate,8.1,7.1,4.4,3.6,2.7,3,9,9,2.89,FALSE,TRUE
1894,15,Male,High School,7.2,5.6,3,1.2,6,0,5,4,3.34,TRUE,FALSE
1895,21,Male,Undergraduate,7.7,7.2,1.7,3.7,2.4,1,6,6,3.53,TRUE,FALSE
1896,14,Female,Graduate,6.7,8.4,6.2,2.3,7.8,3,7,6,2.85,FALSE,TRUE
1897,20,Male,Graduate,7.2,9.8,3.7,3.5,5.2,0,9,10,2.82,TRUE,TRUE
1898,23,Female,Undergraduate,6.9,7,2.4,3.1,9.2,1,6,7,3.65,TRUE,FALSE
1899,26,Female,High School,7.7,7.3,4.1,3.1,1,1,8,6,3.11,FALSE,TRUE
1900,22,Male,High School,6.5,8.7,5,4.5,2.8,1,8,10,2.61,FALSE,TRUE
1901,22,Male,High School,7.7,5.1,2.2,2.8,4.4,1,7,8,3.28,TRUE,TRUE
1902,17,Male,Graduate,6.3,9.8,4.4,5.3,6.7,1,8,8,3.19,FALSE,TRUE
1903,18,Female,Undergraduate,8,4,2.7,2.8,1.1,1,6,6,2.88,FALSE,FALSE
1904,21,Female,Undergraduate,7.3,5.2,3.5,2.5,5.2,3,7,9,3.29,FALSE,TRUE
1905,14,Female,Undergraduate,7.4,9,4.7,4.7,4.7,3,8,10,2.87,FALSE,TRUE
1906,26,Male,Undergraduate,7,7.5,3.2,1.8,2.4,2,8,8,3.21,TRUE,TRUE
1907,18,Male,Undergraduate,7.5,4.2,3.5,3.4,0,1,7,8,3.04,FALSE,TRUE
1908,14,Male,Undergraduate,7,10.1,5.5,5.3,8.5,2,8,10,3.03,TRUE,TRUE
1909,24,Female,Undergraduate,6.1,9.8,5.3,1.9,3.1,0,8,9,3.15,FALSE,TRUE
1910,17,Non-binary,High School,8.6,3.3,1.9,0.8,1.4,2,5,3,3.71,FALSE,FALSE
1911,24,Male,High School,6,8.2,5.1,5.2,2,2,7,7,2.53,TRUE,TRUE
1912,23,Male,Graduate,8.8,4.1,2.4,5.1,4.3,3,5,5,3.87,TRUE,FALSE
1913,17,Male,High School,5.8,9.2,4.8,3.2,3.6,3,9,9,3.04,TRUE,TRUE
1914,18,Female,Undergraduate,6.8,9.9,4.8,1.3,2.3,5,9,7,2.86,FALSE,TRUE
1915,22,Male,Undergraduate,7.7,7.5,3.1,5.4,5,6,7,7,2.77,FALSE,TRUE
1916,17,Female,High School,7.5,6.2,2.9,3.8,2.8,1,9,7,2.94,FALSE,TRUE
1917,22,Female,High School,7.1,4.9,2.4,4.2,0,2,9,9,3.32,FALSE,TRUE
1918,26,Male,Undergraduate,6.2,7.1,4,3.1,5.4,2,9,7,2.84,FALSE,TRUE
1919,20,Male,High School,7.8,4.6,4,4.9,1.6,1,6,4,3.31,FALSE,FALSE
1920,14,Male,Undergraduate,7.2,9,3.5,4.5,2.5,3,8,8,3.2,FALSE,TRUE
1921,20,Female,Graduate,7.7,4,4,4.8,1.7,2,5,3,3.76,FALSE,FALSE
1922,19,Female,Graduate,6.6,5,2.6,3.6,3.2,1,9,8,2.93,TRUE,TRUE
1923,27,Male,Undergraduate,8.1,7.4,4.6,2.8,1,0,9,7,3.41,TRUE,TRUE
1924,18,Female,Graduate,6.8,6.8,4.4,3.1,3.1,1,8,6,3.23,FALSE,TRUE
1925,17,Female,Undergraduate,6.4,7.9,4.4,2.9,6.3,0,8,9,3.47,TRUE,TRUE
1926,21,Female,Graduate,7.1,6.9,4.5,1.8,6.8,2,8,7,2.76,FALSE,TRUE
1927,19,Female,Undergraduate,6.9,10.7,5.5,1.7,1.1,2,9,10,2.94,TRUE,TRUE
1928,16,Female,High School,7.2,7.7,4.2,0.2,4.6,5,6,8,3.78,TRUE,FALSE
1929,17,Male,Undergraduate,6.6,9,5.4,0,5.3,1,8,7,3.07,FALSE,TRUE
1930,21,Female,Undergraduate,8.2,6,1.3,4.6,3.5,1,9,10,3.28,FALSE,TRUE
1931,24,Female,Undergraduate,7.8,5,3.6,3.4,2.3,1,5,7,3.27,TRUE,FALSE
1932,14,Male,Undergraduate,7.4,6,5,4.2,0.4,4,6,4,3.49,FALSE,FALSE
1933,23,Female,Undergraduate,8,6.2,4.7,1.8,5.6,1,8,9,3.28,FALSE,TRUE
1934,20,Male,Undergraduate,7.4,6.2,4.3,3.1,5.5,4,8,7,2.97,TRUE,TRUE
1935,16,Female,High School,7.3,4.9,4,2.9,3,0,8,8,3.45,FALSE,TRUE
1936,18,Female,High School,8.7,3.9,2.1,4.1,2.1,3,6,7,4,FALSE,FALSE
1937,21,Male,Undergraduate,8.7,5.1,3.9,2.3,1.6,2,6,6,3.42,FALSE,FALSE
1938,18,Female,High School,7.2,8,5.1,4,0,2,9,10,3.09,FALSE,TRUE
1939,14,Female,High School,7.6,7.3,3.3,3.6,0.8,1,8,7,3.14,FALSE,TRUE
1940,19,Prefer not to say,Undergraduate,7.8,6.3,3.8,3.9,3.9,0,7,5,3.19,FALSE,TRUE
1941,18,Male,Undergraduate,5.5,8.2,4.2,4.7,2.6,2,8,6,3.1,FALSE,TRUE
1942,25,Female,Undergraduate,8.3,2.6,1.1,2.1,0,2,6,8,3.66,FALSE,FALSE
1943,22,Female,Undergraduate,6.6,8.9,4.2,1.8,7,2,9,10,2.74,TRUE,TRUE
1944,19,Male,Undergraduate,6.3,9.5,5.3,2.2,0.3,2,9,10,3.02,TRUE,TRUE
1945,20,Female,High School,8.5,5.5,3.9,2.4,4.3,4,7,7,3.05,FALSE,TRUE
1946,19,Male,Graduate,7.4,5.5,1.6,5.6,8.2,2,8,8,3.65,FALSE,TRUE
1947,24,Female,Undergraduate,7.8,5.4,2.4,0,3,0,7,7,3.88,FALSE,TRUE
1948,16,Female,High School,7.4,3.3,1.3,3.6,5,0,8,8,2.97,TRUE,TRUE
1949,25,Prefer not to say,Graduate,7.9,6.8,3.9,3.4,5.5,0,7,5,3.45,FALSE,TRUE
1950,19,Female,Undergraduate,8,2.1,2.4,3.7,0.4,3,4,3,3.61,TRUE,FALSE
1951,22,Female,Undergraduate,8.5,6.7,4.2,1.7,4.2,1,8,7,3.32,FALSE,TRUE
1952,19,Male,Undergraduate,8.6,6.5,1.7,4.3,0.5,1,7,5,3.93,FALSE,TRUE
1953,18,Female,Undergraduate,7.1,8.1,5.1,5.9,1.4,1,8,8,2.5,FALSE,TRUE
1954,16,Female,Undergraduate,8.2,5.3,2.8,2.4,2.5,0,5,4,3.33,TRUE,FALSE
1955,20,Male,High School,6.7,8.2,5.1,0,1,2,8,9,3.38,TRUE,TRUE
1956,19,Male,Undergraduate,7.3,6,2.2,1.3,1.9,3,7,5,2.93,FALSE,TRUE
1957,24,Female,High School,5.8,8.3,4.8,1.4,2.2,2,8,9,2.82,TRUE,TRUE
1958,25,Male,Undergraduate,6,7.1,4.4,2.8,3.9,4,9,8,3.05,FALSE,TRUE
1959,19,Male,Undergraduate,6.1,8.3,6,2,4.3,1,8,10,2.85,FALSE,TRUE
1960,15,Female,High School,8.2,7.1,3.3,1.7,6.6,2,9,10,3.34,FALSE,TRUE
1961,19,Male,High School,7.3,5.9,4,3.2,3.1,3,7,6,3.53,FALSE,TRUE
1962,19,Female,Undergraduate,7.8,7.8,3.3,4,3.9,2,7,8,3.56,FALSE,TRUE
1963,23,Male,Undergraduate,7.2,7.1,3.4,2.2,8.6,1,8,7,3.06,FALSE,TRUE
1964,19,Male,Undergraduate,7.2,7.1,5.2,4.3,2.7,1,5,3,3.66,FALSE,FALSE
1965,18,Female,Graduate,7.8,4.3,4.4,5.6,8.2,0,6,4,3.85,FALSE,FALSE
1966,14,Female,High School,7.2,8.3,6.3,1.3,6.1,2,8,8,2.74,FALSE,TRUE
1967,19,Male,High School,7.2,7.1,2.5,2.3,3.1,3,7,7,3.08,FALSE,TRUE
1968,18,Male,Graduate,7.8,4.6,2.8,1.2,0,2,6,5,3.61,FALSE,FALSE
1969,22,Female,High School,7.8,6.9,2.6,4.9,2.8,1,9,10,3.51,TRUE,TRUE
1970,14,Female,Undergraduate,7.4,6.6,5.4,3.1,0,1,7,7,3.32,FALSE,TRUE
1971,21,Female,Undergraduate,6,9.9,6,3.9,3.7,3,8,8,2.91,TRUE,TRUE
1972,21,Female,Graduate,7.4,5,3.4,3.5,9.2,2,5,3,3.52,FALSE,FALSE
1973,18,Male,Graduate,7.7,7,3.8,3.2,2.7,4,6,4,3.44,TRUE,FALSE
1974,19,Male,Undergraduate,5.1,7.1,4.7,3.9,5.3,2,10,10,2.74,FALSE,TRUE
1975,23,Female,Undergraduate,7.2,3.3,1.2,5.3,3,1,9,7,3.13,TRUE,TRUE
1976,20,Female,Graduate,8.5,5.3,3.1,0.4,6.4,1,6,8,3.8,TRUE,FALSE
1977,20,Male,Undergraduate,7.9,6.6,4.7,4,0.6,1,6,6,3.36,FALSE,FALSE
1978,19,Male,High School,8.5,1.2,0,2.5,3.4,2,4,5,3.8,TRUE,FALSE
1979,16,Female,High School,7.5,8.1,3.9,5,0.2,1,9,7,3.12,FALSE,TRUE
1980,20,Prefer not to say,Undergraduate,7.4,6.5,3.2,3.3,7,0,6,6,3.26,FALSE,FALSE
1981,14,Male,Undergraduate,6.8,7.5,4,4.7,3.6,0,6,4,3.07,TRUE,FALSE
1982,20,Male,Undergraduate,7,8.2,3.8,3.9,4.8,0,6,6,3.13,FALSE,FALSE
1983,21,Female,Undergraduate,7.3,5.4,2.7,3,4.8,1,7,9,3.56,FALSE,TRUE
1984,24,Male,Undergraduate,8.1,2.6,2.3,3.2,0,1,4,3,3.68,FALSE,FALSE
1985,23,Prefer not to say,Undergraduate,8.3,1,0,3.2,0.2,5,6,5,3.89,FALSE,FALSE
1986,26,Non-binary,High School,7,8.6,6.6,6.1,5.1,6,10,10,3.13,TRUE,TRUE
1987,17,Female,Undergraduate,6.8,8.9,5.5,1.1,4.4,3,8,7,2.76,FALSE,TRUE
1988,22,Male,High School,7.2,6.1,3.9,4.5,4.5,1,7,8,3.16,TRUE,TRUE
1989,15,Female,Undergraduate,6.8,8.9,4.7,2.1,5.4,2,6,7,3.67,TRUE,FALSE
1990,21,Non-binary,High School,6.3,8.5,5.1,3.2,3,1,9,10,2.93,FALSE,TRUE
1991,20,Male,Graduate,6.5,8.3,6.7,2,2.2,2,10,10,2.87,FALSE,TRUE
1992,19,Male,Undergraduate,6.9,7.9,3.9,3.2,0,1,8,10,3.03,TRUE,TRUE
1993,19,Male,Undergraduate,8.8,4.7,1.7,0.9,7,2,6,8,4,TRUE,FALSE
1994,19,Male,Graduate,5.6,11.3,6.2,4.1,3.7,0,10,9,2.55,FALSE,TRUE
1995,20,Female,High School,7.7,4.9,1.9,1.9,0,3,6,6,3.38,FALSE,FALSE
1996,23,Male,High School,7.3,8,4.7,3.8,0.7,2,6,7,3.34,FALSE,FALSE
1997,16,Male,High School,8,5.3,2.4,2.8,3.2,1,6,7,3.52,FALSE,FALSE
1998,16,Male,High School,6.4,8.9,5.3,6.3,4,2,10,10,2.69,TRUE,TRUE
1999,17,Female,High School,7,5.8,2,4.8,6.5,2,6,8,3.7,FALSE,FALSE
2000,23,Male,Undergraduate,6.6,9.9,5.2,2.6,4.9,3,9,10,3.23,FALSE,TRUE
2001,18,Female,Undergraduate,7.8,8.2,3.5,1.9,0.2,1,10,9,2.87,FALSE,TRUE
2002,18,Male,High School,6.2,12.1,5.8,3.7,3.7,0,6,5,2.95,FALSE,FALSE
2003,20,Male,High School,6.9,2.6,1.1,6.6,2.7,2,5,5,3.41,TRUE,FALSE
2004,18,Female,Undergraduate,7.7,7.1,4.2,4.9,3.1,1,8,7,2.99,FALSE,TRUE
2005,19,Non-binary,Graduate,7.5,7.9,3.6,3.9,5.9,2,5,7,3.69,TRUE,FALSE
2006,23,Male,Graduate,7.5,3.8,2.1,4.6,6.9,0,4,2,3.55,TRUE,FALSE
2007,20,Male,Graduate,7.5,9.5,6.5,3.6,6.9,0,8,8,3.04,TRUE,TRUE
2008,20,Female,High School,8,3.4,1.5,4.8,4,4,6,4,3.43,FALSE,FALSE
2009,15,Female,Undergraduate,8.4,5,1,3.8,5.1,1,7,8,3.73,FALSE,TRUE
2010,17,Non-binary,High School,7.7,7.8,4.4,2.4,3.9,1,7,5,2.3,FALSE,TRUE
2011,18,Prefer not to say,Graduate,9,1.5,2.1,1.2,2.2,1,4,5,4,FALSE,FALSE
2012,18,Female,Undergraduate,8.8,5.4,0.9,5,0.6,2,6,6,3.7,FALSE,FALSE
2013,22,Male,Undergraduate,7,8.9,3.6,3.3,0.4,2,10,10,3.01,FALSE,TRUE
2014,26,Male,Undergraduate,8.2,4.5,2.5,3.3,4.7,2,7,5,2.96,FALSE,TRUE
2015,18,Female,High School,6,8.5,4.9,3,4.6,1,7,6,3.6,TRUE,TRUE
2016,23,Female,Undergraduate,6.3,8.1,4.5,5.6,4.7,3,7,5,2.78,FALSE,TRUE
2017,26,Male,Undergraduate,9.9,3.8,3.8,1.7,5.5,0,5,7,4,FALSE,FALSE
2018,16,Female,Graduate,6.9,3.4,2.4,2.2,7.2,1,6,8,3.26,TRUE,FALSE
2019,23,Male,High School,7.5,6.3,4,3.9,4.6,1,8,8,3.41,FALSE,TRUE
2020,24,Female,High School,7.1,6.5,3.1,4.6,2.7,3,8,7,2.91,TRUE,TRUE
2021,21,Male,Undergraduate,7.6,7.5,3.7,1.6,0,1,8,7,3.67,FALSE,TRUE
2022,15,Female,Undergraduate,8.5,4.1,3,4,4.4,1,7,8,3.19,FALSE,TRUE
2023,16,Male,High School,6.7,7.4,2.1,3.6,1.8,5,6,8,3.18,FALSE,FALSE
2024,14,Female,High School,6.8,8.7,5.1,3.2,1.7,2,9,10,2.71,FALSE,TRUE
2025,22,Female,Undergraduate,6.2,6,2.2,5.9,2.5,1,9,10,3.3,FALSE,TRUE
2026,19,Male,High School,7.2,11.6,7.1,0.4,4.6,4,6,4,2.98,TRUE,FALSE
2027,18,Female,Undergraduate,7.6,4.9,4,1.4,3.9,2,6,6,3.58,FALSE,FALSE
2028,17,Female,Undergraduate,8.1,6.9,2.5,5,7.2,2,6,7,3.27,FALSE,FALSE
2029,21,Female,Undergraduate,6.8,6.1,3.9,3.1,2.4,1,5,4,3.58,FALSE,FALSE
2030,21,Male,High School,8.4,4.5,3.5,5.4,0.1,0,9,9,3.39,FALSE,TRUE
2031,17,Female,High School,5.8,11.4,6.3,6.1,0.6,1,10,10,2.71,TRUE,TRUE
2032,19,Male,Graduate,7.8,6.2,3.6,4.2,0,0,7,8,3.68,FALSE,TRUE
2033,15,Male,Graduate,7.3,5.2,4.9,3,5.3,3,6,7,3.44,FALSE,FALSE
2034,21,Male,Undergraduate,7.6,4.2,3.4,5.1,5.5,1,4,4,3.38,FALSE,FALSE
2035,19,Male,Undergraduate,7,8.9,6.4,4.1,1.8,0,8,7,3.43,FALSE,TRUE
2036,20,Female,Graduate,5.5,9.4,5.4,1.2,2.1,2,9,9,3.15,FALSE,TRUE
2037,17,Female,Undergraduate,8.2,8.9,5.7,4.2,4.3,2,9,7,3.28,FALSE,TRUE
2038,18,Female,Undergraduate,7.3,6,3.3,7.4,0.5,0,10,8,2.99,FALSE,TRUE
2039,22,Female,Undergraduate,7.5,6.4,3.7,3.8,1.2,5,7,5,3.23,FALSE,TRUE
2040,22,Male,Undergraduate,8.4,7.1,2.8,2.9,4,4,6,7,3.09,FALSE,FALSE
2041,23,Male,High School,9.3,3.6,0.5,2.5,5.6,4,3,3,3.57,TRUE,FALSE
2042,21,Female,High School,8.3,4.4,2.5,2.7,2.6,0,5,3,3.86,FALSE,FALSE
2043,15,Male,Graduate,6,11,6.1,2.8,0,0,10,10,2.38,FALSE,TRUE
2044,24,Male,Graduate,6,9,4.9,3,3.3,2,8,6,2.89,FALSE,TRUE
2045,19,Male,Undergraduate,9.7,5.2,2.4,2.8,2.7,0,7,9,3.83,FALSE,TRUE
2046,24,Female,Undergraduate,8.5,4.6,1.6,4.7,2,1,8,9,2.93,FALSE,TRUE
2047,21,Non-binary,Graduate,5.2,8.2,3.3,3.8,4.4,2,8,7,3.02,FALSE,TRUE
2048,20,Female,Graduate,6.6,10.9,4.7,4.7,3.9,1,10,10,3.04,FALSE,TRUE
2049,17,Female,Undergraduate,7,6.3,4,1.9,0,4,10,10,2.87,TRUE,TRUE
2050,18,Female,Undergraduate,6,6.5,6.3,3.1,0.7,1,8,6,2.59,TRUE,TRUE
2051,18,Female,Undergraduate,6.4,9.7,7,3.3,4.1,0,8,6,2.61,FALSE,TRUE
2052,19,Male,Graduate,7,5.7,0.5,2.5,3.9,3,7,8,3.65,FALSE,TRUE
2053,23,Male,Undergraduate,7.5,7,2.4,2.8,4,3,9,9,3.01,TRUE,TRUE
2054,16,Non-binary,High School,6.5,6.8,4.3,1.3,3.5,1,9,7,2.68,FALSE,TRUE
2055,21,Male,Graduate,8,3.6,2.2,1.9,3.9,2,7,7,3.4,FALSE,TRUE
2056,23,Female,Undergraduate,8.5,7.8,5.6,4.2,2.9,0,9,10,2.98,TRUE,TRUE
2057,19,Male,Undergraduate,8.2,3.4,1.1,4.2,4.4,2,7,5,3.77,FALSE,TRUE
2058,20,Male,Undergraduate,8.3,5.8,2.7,1.4,0.7,1,10,10,3.62,FALSE,TRUE
2059,18,Male,Undergraduate,8.8,1.1,0.8,2.8,2.1,1,5,6,3.23,TRUE,FALSE
2060,16,Male,High School,6.7,6.2,5,1.8,4.2,3,6,4,3.11,TRUE,FALSE
2061,18,Female,Undergraduate,4.4,9.3,5.5,2.1,7.6,2,7,8,3.28,FALSE,TRUE
2062,22,Female,Undergraduate,7.7,7,3.5,0.1,1.6,1,8,10,2.96,FALSE,TRUE
2063,22,Female,Undergraduate,8.2,3.5,0.9,1.6,0,0,8,7,3.41,FALSE,TRUE
2064,22,Female,Undergraduate,7.2,9.5,6.4,1.9,2.5,5,8,6,3.48,TRUE,TRUE
2065,20,Male,Undergraduate,8.2,4,1.3,3.5,3.4,1,6,8,3.37,FALSE,FALSE
2066,20,Female,Undergraduate,9.3,5.1,2.1,3.5,2.2,4,7,8,3.73,FALSE,TRUE
2067,16,Male,Undergraduate,6.1,9.5,5.1,3.1,6.6,3,5,3,3.17,FALSE,FALSE
2068,22,Female,Undergraduate,7.6,6.7,4.2,4.4,2.7,2,6,8,3.64,FALSE,FALSE
2069,18,Female,Undergraduate,6.8,9,4.7,4.4,2.8,2,10,8,3.1,FALSE,TRUE
2070,20,Male,High School,7.8,6.5,2.9,3.8,5.5,1,5,5,3.31,FALSE,FALSE
2071,21,Male,Undergraduate,5.9,8.8,3.5,3.6,5.1,2,10,8,2.45,FALSE,TRUE
2072,20,Male,Undergraduate,6.7,6.6,2.9,1.3,7.7,5,7,6,3.07,TRUE,TRUE
2073,23,Female,High School,6.7,6.3,4.2,4.2,2.1,2,9,7,2.71,TRUE,TRUE
2074,24,Male,Undergraduate,7,10.3,4.7,4.2,4.5,0,8,7,3.14,FALSE,TRUE
2075,25,Male,Undergraduate,8.7,7.9,5.3,3.4,4.5,2,5,6,3,TRUE,FALSE
2076,22,Female,High School,7,5,4.2,4.5,6.6,2,7,5,2.83,FALSE,TRUE
2077,21,Female,Undergraduate,8.1,4.7,1.1,2.1,2.4,5,5,7,3.28,FALSE,FALSE
2078,19,Female,High School,6.5,10.2,7,3.4,7.2,0,7,7,2.33,FALSE,TRUE
2079,22,Male,Undergraduate,6.8,5,1.8,3,5.8,0,5,6,3.31,TRUE,FALSE
2080,22,Male,High School,7.8,7.4,2.5,5.4,6.3,1,4,2,3.66,FALSE,FALSE
2081,22,Male,Undergraduate,7,8.3,4.1,2.7,2,3,6,5,3.2,TRUE,FALSE
2082,21,Male,High School,7,4.4,2.2,2.8,3.4,2,8,9,2.26,TRUE,TRUE
2083,19,Female,Undergraduate,7.6,5,2.2,3.5,3,1,7,8,3.73,TRUE,TRUE
2084,21,Male,Undergraduate,8.1,6.8,2.9,4.5,0.8,2,7,8,3.13,FALSE,TRUE
2085,20,Male,Undergraduate,8.2,5.7,3.6,1.3,4.1,0,6,8,3.48,FALSE,FALSE
2086,17,Female,Undergraduate,6.9,9.8,5.2,4.1,4,1,9,9,3.5,FALSE,TRUE
2087,20,Female,Undergraduate,7.7,7.1,4,1.5,3.9,1,8,8,3.64,TRUE,TRUE
2088,14,Female,High School,7.3,2.4,2.7,3.4,3.5,1,5,3,3.16,TRUE,FALSE
2089,17,Male,High School,7.7,7.2,2.9,1.1,3.4,1,8,9,3.19,FALSE,TRUE
2090,21,Male,Undergraduate,8.8,6.9,4.3,2.5,3.7,2,10,10,4,FALSE,TRUE
2091,16,Female,Undergraduate,5.6,9.1,6.4,3.8,3.5,1,8,7,2.48,FALSE,TRUE
2092,23,Male,High School,8.5,4.1,2.4,2.5,1.6,1,9,9,3.12,FALSE,TRUE
2093,23,Female,Undergraduate,6.6,11.2,6.6,4.7,3.4,2,9,7,2.67,FALSE,TRUE
2094,18,Male,Graduate,7.8,5.4,2.4,4,3.8,0,9,10,2.48,FALSE,TRUE
2095,18,Male,Undergraduate,7.7,8.6,3.3,2.7,0.1,2,10,10,3.24,FALSE,TRUE
2096,20,Male,Undergraduate,8.1,7.7,4,4.8,1,0,9,7,3.17,FALSE,TRUE
2097,21,Non-binary,Undergraduate,8.3,9.8,5.8,4.3,0,3,8,8,3.5,FALSE,TRUE
2098,18,Male,High School,8.4,4.6,2.1,4.4,2.7,4,7,7,3.25,FALSE,TRUE
2099,24,Non-binary,Undergraduate,6.7,6.7,4.5,4.3,3.1,1,7,7,3.09,FALSE,TRUE
2100,17,Female,High School,7.7,6.6,3.7,1.7,1.1,4,6,6,3.65,FALSE,FALSE
2101,16,Male,High School,7,5.7,2.6,3.5,6.9,0,4,2,3.77,TRUE,FALSE
2102,15,Female,Undergraduate,8.9,2.6,2.1,3.9,0,4,8,7,3.34,TRUE,TRUE
2103,15,Female,Undergraduate,5.9,9.1,6.1,4.9,3.9,0,8,7,2.88,TRUE,TRUE
2104,21,Female,Undergraduate,6.3,6.7,2.8,1.8,0,1,9,7,2.75,TRUE,TRUE
2105,25,Male,Graduate,6.6,9.9,5.8,5,1.8,1,9,9,3.3,FALSE,TRUE
2106,19,Prefer not to say,High School,7.2,2,0,3.7,3.1,3,7,9,3.8,FALSE,TRUE
2107,27,Male,High School,8.6,5.9,1.5,2.2,0.5,1,7,8,3.79,TRUE,TRUE
2108,19,Female,Graduate,7.8,5.7,2.3,2.5,3.3,3,5,3,3.33,FALSE,FALSE
2109,18,Male,Undergraduate,8.6,5.3,3.1,6,0,3,5,6,3.59,FALSE,FALSE
2110,21,Female,High School,8.2,6.2,4,1.7,3,3,5,5,3.56,FALSE,FALSE
2111,18,Female,Undergraduate,7.9,7,3.8,2.8,1.6,2,8,7,3.14,FALSE,TRUE
2112,22,Male,Undergraduate,7.9,5.5,1.8,2.6,7.6,1,8,6,3.29,FALSE,TRUE
2113,18,Male,Undergraduate,7.2,6.9,4.6,3.9,5.8,2,6,7,3.11,FALSE,FALSE
2114,23,Male,Graduate,8.1,5.3,3.5,2.3,5.5,2,8,10,2.99,FALSE,TRUE
2115,21,Female,Undergraduate,5.9,9.4,4.5,4.5,7.2,1,6,7,2.79,FALSE,FALSE
2116,22,Male,Undergraduate,7.1,7.1,4.4,5.2,0.6,2,6,7,3.59,TRUE,FALSE
2117,20,Female,Undergraduate,6.9,7.4,4.1,0,1.8,1,7,8,3.04,FALSE,TRUE
2118,18,Female,Undergraduate,8.5,3.6,2.8,0.9,6.1,2,5,5,3.58,FALSE,FALSE
2119,18,Female,High School,7.2,7.9,3.3,5.1,2.9,1,9,10,3.14,FALSE,TRUE
2120,23,Female,High School,6.8,8.4,5.6,3.3,4,1,8,6,3.2,TRUE,TRUE
2121,17,Male,Undergraduate,8,8.7,5.2,5.3,3.3,1,6,4,3.8,FALSE,FALSE
2122,17,Male,High School,9.4,3.1,3.9,4,6.1,1,5,6,3.7,TRUE,FALSE
2123,23,Male,High School,8.4,8.2,4.6,3,3.8,4,8,9,3.26,TRUE,TRUE
2124,17,Female,High School,6,7.8,4.3,0.8,2.5,1,7,7,3.24,TRUE,TRUE
2125,18,Male,Graduate,7.8,6.5,2.2,1.2,5.9,3,7,7,3.04,FALSE,TRUE
2126,18,Male,Graduate,7,6.7,4.9,4.6,0.8,0,7,8,3.43,TRUE,TRUE
2127,20,Female,Graduate,6.5,6.6,4.6,4.9,2,2,8,7,3.18,TRUE,TRUE
2128,16,Female,Graduate,8.3,5.4,3.3,3.3,0,2,8,10,3.46,TRUE,TRUE
2129,22,Female,High School,9.7,3.9,0,1.1,3.2,2,5,6,3.72,FALSE,FALSE
2130,20,Prefer not to say,Undergraduate,7.1,4.2,3.7,5.6,4.7,2,4,4,3.33,TRUE,FALSE
2131,23,Male,Undergraduate,7.4,6,2,6.1,2.6,2,7,5,3.47,FALSE,TRUE
2132,19,Non-binary,High School,6.1,6.7,4.9,4.9,1.9,3,8,7,2.93,TRUE,TRUE
2133,20,Female,Undergraduate,6.3,11.2,4,4.1,0.7,0,9,7,3.15,FALSE,TRUE
2134,19,Male,Undergraduate,6.4,8,5.9,4,4.4,2,8,10,2.98,FALSE,TRUE
2135,23,Male,Undergraduate,7.7,6.5,3,0.4,4.1,0,10,10,3.11,TRUE,TRUE
2136,18,Male,Undergraduate,8.7,5.9,2.7,5.6,4.6,3,6,7,3.28,FALSE,FALSE
2137,23,Female,High School,8.2,5.9,1.7,5.8,2.2,2,8,8,2.5,TRUE,TRUE
2138,17,Female,Undergraduate,8.1,7.2,3.9,5.1,8.2,1,6,6,3.47,FALSE,FALSE
2139,20,Female,Undergraduate,7.7,5.1,3.6,1,1.9,1,8,10,3.21,FALSE,TRUE
2140,18,Female,Undergraduate,7.9,7,4,4.9,4.9,5,7,9,3.37,TRUE,TRUE
2141,17,Female,Undergraduate,6.7,2.8,2.6,2.7,3.9,4,6,5,3.54,TRUE,FALSE
2142,21,Female,High School,7.8,6.8,3.6,3.2,3.5,4,8,7,2.85,FALSE,TRUE
2143,15,Male,Undergraduate,8.9,4.3,2.5,1.1,1.7,3,7,7,3.31,FALSE,TRUE
2144,19,Female,Undergraduate,7.9,3.3,2.5,0.7,0,2,9,9,3.11,FALSE,TRUE
2145,19,Male,Undergraduate,6.9,7.6,5.9,0.6,0.8,0,8,7,3.48,FALSE,TRUE
2146,17,Male,Undergraduate,8,5.7,3.8,2.7,2.8,3,6,5,3.57,FALSE,FALSE
2147,20,Male,High School,6.1,6,3.6,0.4,7.6,0,6,5,2.64,FALSE,FALSE
2148,14,Non-binary,Undergraduate,7.3,4,1.2,1.9,3.7,2,6,8,3.32,FALSE,FALSE
2149,17,Female,High School,5.5,6.6,2.1,3.1,2.8,2,9,10,3.12,FALSE,TRUE
2150,22,Male,High School,7.6,7.1,4.2,3,4.2,2,7,5,3.12,FALSE,TRUE
2151,23,Male,High School,7.5,9.5,6.2,2.9,2.8,3,9,8,2.87,FALSE,TRUE
2152,14,Male,Graduate,6.6,8.2,5.1,2.8,5.4,3,7,6,3.24,TRUE,TRUE
2153,19,Female,High School,7.6,7,2.5,2.8,8.9,1,5,6,2.98,TRUE,FALSE
2154,23,Female,Graduate,7.6,7,3.9,2.3,0.1,3,7,9,3.07,TRUE,TRUE
2155,16,Female,Undergraduate,7.2,8.8,4.8,3,4,1,6,7,3.18,TRUE,FALSE
2156,25,Female,Graduate,8.8,5.6,2.6,3.7,3,2,6,8,3.4,FALSE,FALSE
2157,19,Male,Undergraduate,8.1,5.6,4.7,1.4,3.2,2,8,7,2.91,TRUE,TRUE
2158,20,Male,High School,7,3.6,2.4,4.8,7.2,0,5,7,3.81,FALSE,FALSE
2159,23,Male,Undergraduate,8.7,3.9,0.9,2.5,3.4,1,6,5,3.5,FALSE,FALSE
2160,18,Male,Graduate,8.3,8.2,3.9,1.1,0,1,9,9,3.78,FALSE,TRUE
2161,19,Non-binary,Graduate,6.3,6.9,3.8,3.6,6.8,2,6,4,3.4,TRUE,FALSE
2162,21,Non-binary,Graduate,8.2,1.6,0,4.9,6,2,5,7,3.17,TRUE,FALSE
2163,20,Prefer not to say,Undergraduate,5.9,8.2,5.6,0.8,2.4,3,8,7,3.1,FALSE,TRUE
2164,19,Female,High School,7.3,4.8,4.1,0.7,3.4,2,7,5,2.8,TRUE,TRUE
2165,17,Female,Graduate,9.4,7.3,2.3,5.1,1,1,7,7,3.82,TRUE,TRUE
2166,18,Male,Graduate,7.1,6.9,4,1.3,6.4,2,5,5,3.27,FALSE,FALSE
2167,19,Female,High School,5.7,8.2,6.3,1.2,3,1,6,7,3.22,FALSE,FALSE
2168,16,Female,Undergraduate,7,3.7,2.6,4,6,2,6,5,3.29,FALSE,FALSE
2169,17,Female,High School,6.8,4.2,4.1,1,2.2,2,7,6,2.75,TRUE,TRUE
2170,21,Female,Graduate,6.8,10,6.7,3.9,6.5,4,8,6,2.48,TRUE,TRUE
2171,15,Female,High School,6.9,10.2,5.9,3.8,6.8,2,8,9,3.15,FALSE,TRUE
2172,18,Female,Undergraduate,6.1,8,3,0.7,1.9,1,9,9,2.56,FALSE,TRUE
2173,18,Non-binary,Undergraduate,8.1,3.9,2.9,0,0,2,5,7,3.57,FALSE,FALSE
2174,19,Male,High School,8.3,5.4,3.5,1.4,4.2,2,8,9,3.13,FALSE,TRUE
2175,17,Female,Undergraduate,8.7,5.4,2.6,5.2,4.5,0,6,7,4,FALSE,FALSE
2176,19,Female,High School,7.3,4.9,3.8,2.4,6.1,3,4,2,3.65,TRUE,FALSE
2177,17,Female,Undergraduate,8.7,5.5,2.7,1.8,6.6,1,6,7,2.92,FALSE,FALSE
2178,18,Female,High School,7.3,7.3,4.4,1.6,5,0,5,3,3.51,FALSE,FALSE
2179,17,Female,Undergraduate,5.4,10.8,5.1,3.9,0.1,5,10,9,2.49,TRUE,TRUE
2180,21,Male,Undergraduate,9,4.7,3.1,3.3,5.3,2,9,7,3.49,TRUE,TRUE
2181,23,Male,Graduate,7.2,6.6,3.7,2.3,4.1,2,9,8,3.6,TRUE,TRUE
2182,24,Male,Undergraduate,6.3,9.2,5.3,0.9,4,1,8,7,3.03,FALSE,TRUE
2183,15,Male,High School,7.2,6.8,4.4,3.7,1.6,2,10,10,2.65,FALSE,TRUE
2184,21,Male,Undergraduate,7.2,10.9,7.4,1.9,0.3,3,10,9,2.15,FALSE,TRUE
2185,19,Female,Undergraduate,7.3,8.2,2.6,3.4,2.4,1,8,9,3.2,TRUE,TRUE
2186,20,Female,Undergraduate,7.7,8,3.6,0.9,7.6,1,7,6,3.53,TRUE,TRUE
2187,24,Female,Undergraduate,6.5,8.1,5.4,5.2,0.1,1,10,9,2.97,TRUE,TRUE
2188,17,Female,High School,5.4,8.4,3.9,2.6,5.5,1,10,9,2.8,FALSE,TRUE
2189,21,Female,Undergraduate,7.7,7.7,4.8,3.9,5.2,3,7,6,2.66,TRUE,TRUE
2190,15,Male,High School,7.3,7.7,3.8,4.2,7.5,0,9,10,2.62,FALSE,TRUE
2191,21,Female,Undergraduate,6.6,6.3,2.9,0.1,0,0,8,9,3.1,TRUE,TRUE
2192,25,Male,High School,6.5,9,6.4,1.4,4.5,0,9,9,2.87,FALSE,TRUE
2193,23,Female,High School,7.8,7.9,5.5,3.3,7.1,2,8,7,3.32,TRUE,TRUE
2194,18,Male,Undergraduate,7,6,3.8,0,1.8,1,6,8,3.27,FALSE,FALSE
2195,19,Male,Undergraduate,6,8.8,4.8,1.1,6.6,1,8,8,3.06,TRUE,TRUE
2196,18,Female,Undergraduate,7.7,6,3.7,4.7,2.7,3,9,9,3.35,TRUE,TRUE
2197,18,Male,High School,7.9,2.9,0.7,3.8,5.4,1,4,6,3.89,TRUE,FALSE
2198,14,Male,High School,7,7.3,4.6,3.6,1.7,0,9,9,2.14,TRUE,TRUE
2199,16,Male,High School,8.3,7.1,5.1,4.8,2,1,8,9,2.93,TRUE,TRUE
2200,17,Male,High School,6.9,5.2,2.4,5.1,4.8,2,5,5,3.25,TRUE,FALSE
2201,21,Male,High School,6,7.4,5,5,4,3,5,6,3.34,FALSE,FALSE
2202,18,Non-binary,High School,7.4,3.3,1.7,3,1.5,0,6,6,3.38,FALSE,FALSE
2203,21,Male,High School,7.1,10.1,5.6,0.7,6.4,4,8,8,2.97,FALSE,TRUE
2204,22,Male,High School,7.6,4.3,2,1.7,6.4,1,4,3,3.12,FALSE,FALSE
2205,23,Female,High School,7,9.6,4.9,2.5,0,0,9,9,3.28,FALSE,TRUE
2206,17,Female,Undergraduate,5.7,10,6.8,4.1,1.8,3,10,9,2.92,FALSE,TRUE
2207,23,Male,Undergraduate,5.7,10.8,5,0.7,7.8,4,9,10,2.52,TRUE,TRUE
2208,14,Male,Graduate,6.4,6.9,3,4,1.8,3,10,10,2.7,TRUE,TRUE
2209,17,Male,High School,8.4,4.5,3.8,3.1,0,3,6,5,3.19,FALSE,FALSE
2210,25,Male,Undergraduate,8.5,8,3.7,2.8,7.5,2,8,10,3.21,FALSE,TRUE
2211,20,Female,High School,7.9,6.1,3.7,7.3,0.5,0,6,8,3.9,FALSE,FALSE
2212,21,Male,Undergraduate,7.1,6.6,2.4,1.7,0,5,6,7,3.49,FALSE,FALSE
2213,22,Male,Undergraduate,7.7,9.7,5.5,4.2,0,4,9,9,2.94,TRUE,TRUE
2214,22,Male,Undergraduate,7.2,6.7,2.2,2.2,2.8,2,7,7,3.28,FALSE,TRUE
2215,18,Female,Graduate,7.4,6.1,2.9,4.4,6.4,3,7,8,3.24,FALSE,TRUE
2216,21,Female,Undergraduate,8.5,5.6,3.4,0.6,4,1,7,5,3.71,TRUE,TRUE
2217,20,Female,Undergraduate,7.8,6.7,5.3,2.6,6.1,2,7,5,3.33,FALSE,TRUE
2218,15,Female,Undergraduate,6.1,5.4,3.6,2.9,3,5,8,10,2.81,TRUE,TRUE
2219,22,Female,Undergraduate,7.7,6,2.8,4.2,0,0,8,10,3.35,FALSE,TRUE
2220,14,Male,Undergraduate,6.6,7.7,4.8,2.4,5.2,4,9,8,2.76,FALSE,TRUE
2221,14,Male,Undergraduate,7.8,3.8,2.4,4.1,6,0,6,4,3.37,FALSE,FALSE
2222,19,Female,Undergraduate,8,5.2,1.9,0.4,6.8,4,6,7,3.44,TRUE,FALSE
2223,18,Male,Graduate,8.2,6.6,5,3.2,0.6,0,6,7,3.34,FALSE,FALSE
2224,25,Female,Undergraduate,5.7,10.3,4.2,2.8,1.6,1,10,8,2.78,TRUE,TRUE
2225,15,Female,Undergraduate,7.9,7.5,3.3,4,4.6,2,7,8,3.45,FALSE,TRUE
2226,18,Female,Undergraduate,5.6,8.3,3.8,5.5,0,2,8,8,3.17,FALSE,TRUE
2227,22,Female,Undergraduate,6.2,6.6,2.8,2.9,1.3,1,7,9,2.99,TRUE,TRUE
2228,16,Male,Undergraduate,7.6,7.4,5,3.6,3.3,2,8,10,2.98,FALSE,TRUE
2229,17,Male,Undergraduate,7.3,6.6,3.8,1.7,4.2,5,7,5,2.79,FALSE,TRUE
2230,22,Female,High School,8.6,6.7,4.2,1.5,0,1,9,8,3.56,FALSE,TRUE
2231,23,Female,Undergraduate,8.1,3.2,1.2,3.7,4.1,1,6,6,3.4,TRUE,FALSE
2232,25,Female,High School,8.2,5.6,4.4,3.8,5,2,6,4,3.75,FALSE,FALSE
2233,16,Male,Undergraduate,8.8,7.4,2,1.4,7.5,3,5,4,3.78,TRUE,FALSE
2234,16,Female,High School,7.3,8.9,6.2,2.4,5.5,2,4,6,3.89,FALSE,FALSE
2235,14,Male,Undergraduate,6.5,7.8,4.5,2.7,0,1,7,5,3.58,TRUE,TRUE
2236,23,Male,Graduate,9.2,4.4,2.3,3.5,5.9,4,7,9,4,TRUE,TRUE
2237,23,Female,Graduate,8.5,7.5,2.9,4.5,2.3,2,10,10,3.38,FALSE,TRUE
2238,17,Male,High School,7.1,7.4,4.7,2.3,6.4,1,8,7,3.06,TRUE,TRUE
2239,22,Female,High School,8,7.7,5.4,1.9,7,1,7,5,3.51,FALSE,TRUE
2240,23,Male,Undergraduate,8.5,6.9,2.4,3.8,2.7,5,9,10,3.42,FALSE,TRUE
2241,19,Male,High School,8.9,2.4,0.4,1.4,2.3,1,5,7,3.96,FALSE,FALSE
2242,23,Male,Undergraduate,8.2,3.3,2.5,3.6,2.5,3,5,3,3.29,FALSE,FALSE
2243,21,Female,Undergraduate,7.8,4.7,2.4,2.5,5.6,1,7,9,3.96,TRUE,TRUE
2244,18,Male,Undergraduate,7.9,4.3,0.7,8.7,3.9,2,7,6,3.51,FALSE,TRUE
2245,19,Male,High School,6.3,7.6,5.4,2.8,2.8,1,8,10,2.96,FALSE,TRUE
2246,15,Female,Undergraduate,8,2,2,3,2.7,3,6,5,3.4,FALSE,FALSE
2247,24,Male,Undergraduate,6.2,10,4.1,3,1.7,2,9,10,3.02,TRUE,TRUE
2248,18,Female,Undergraduate,7,10.5,6.2,5.3,7.2,4,8,10,2.89,FALSE,TRUE
2249,23,Male,Graduate,8.6,7.4,3.7,4.3,2.6,1,6,7,3.28,TRUE,FALSE
2250,22,Male,High School,7.9,6.4,3.5,3.7,3.8,3,10,8,2.94,TRUE,TRUE
2251,17,Male,Undergraduate,8.1,4.1,2,3.9,2,1,7,8,3.08,FALSE,TRUE
2252,20,Female,High School,7.3,5,2.7,1,5.5,1,5,7,3.27,FALSE,FALSE
2253,15,Male,High School,6.1,7.2,3.4,3.5,8.3,1,6,6,2.97,TRUE,FALSE
2254,21,Male,Undergraduate,7.9,6.9,4.9,4.1,4.3,1,6,4,3.72,FALSE,FALSE
2255,17,Female,Undergraduate,7.1,9.1,4.4,2.9,3.6,3,10,8,3.13,FALSE,TRUE
2256,19,Female,Graduate,8.6,5.5,2.6,4.6,5.7,2,5,5,3.77,FALSE,FALSE
2257,19,Female,Undergraduate,7.8,5.3,2.5,3.6,5.3,2,7,7,3.9,TRUE,TRUE
2258,15,Female,Undergraduate,6.3,9.6,6.1,4.3,1,1,9,8,3.23,FALSE,TRUE
2259,17,Male,High School,7.6,5,2.2,3.7,2.3,3,7,7,3.64,TRUE,TRUE
2260,24,Prefer not to say,High School,7,5.8,3.5,5.1,0.8,2,9,10,2.67,FALSE,TRUE
2261,24,Female,Undergraduate,5.8,8.5,4.7,4,3.5,2,9,9,3.45,FALSE,TRUE
2262,16,Female,Undergraduate,7.3,9.3,5.4,0.7,0.7,2,8,9,3.09,FALSE,TRUE
2263,19,Prefer not to say,Undergraduate,7.6,5.9,3.9,4.5,6.7,3,4,6,3.87,TRUE,FALSE
2264,19,Female,Graduate,9.7,3,1.9,4.9,2.8,1,4,2,4,TRUE,FALSE
2265,18,Female,Undergraduate,6.2,11.9,7.8,2.6,6.5,2,9,8,2.82,FALSE,TRUE
2266,22,Prefer not to say,Undergraduate,6.7,4.5,2.6,3.2,7.7,4,7,6,3.58,TRUE,TRUE
2267,23,Male,Undergraduate,7.1,7.4,4.5,4.2,5,3,7,5,2.98,FALSE,TRUE
2268,18,Female,Undergraduate,6.5,8.1,4.5,3.4,5.1,1,7,5,3.45,FALSE,TRUE
2269,21,Female,Undergraduate,6.9,6,4.2,3.5,1.9,3,7,7,2.98,FALSE,TRUE
2270,18,Male,Undergraduate,6.5,4.7,2.8,6.5,0.6,2,10,8,3.29,FALSE,TRUE
2271,23,Female,Undergraduate,7,4.1,0,3.2,6.2,2,4,2,3.95,TRUE,FALSE
2272,21,Male,Undergraduate,8.4,8.3,4,3.2,4,1,7,5,3.24,FALSE,TRUE
2273,17,Female,Undergraduate,7.7,2.7,2.5,2.9,8.3,3,7,8,3.61,FALSE,TRUE
2274,20,Non-binary,Undergraduate,7.4,6.7,3.9,3.5,4.1,1,7,8,2.98,FALSE,TRUE
2275,17,Female,High School,6.9,6.3,3.5,2.3,1.5,3,7,9,2.99,FALSE,TRUE
2276,23,Male,Undergraduate,5.7,7.4,3.8,4.4,2.9,3,9,9,2.69,FALSE,TRUE
2277,17,Female,Undergraduate,7.3,6,3.3,0.7,0.5,0,9,10,2.98,FALSE,TRUE
2278,20,Male,Undergraduate,7.4,8.3,4.8,3.8,3,2,9,9,3.06,FALSE,TRUE
2279,17,Prefer not to say,Undergraduate,7,6.5,3.4,4.1,0,4,9,10,3.46,TRUE,TRUE
2280,21,Male,Undergraduate,9.3,6.2,2.3,2.7,1,1,8,7,3.7,FALSE,TRUE
2281,18,Male,Undergraduate,7.5,3.1,2.2,1.8,5.5,2,7,6,3.41,TRUE,TRUE
2282,16,Female,High School,7.3,7.2,3.8,4.2,0.8,0,7,8,3.33,TRUE,TRUE
2283,19,Male,High School,5.8,7.5,3.9,5.6,5,1,8,7,2.87,FALSE,TRUE
2284,21,Male,Undergraduate,7.6,6.5,2,0,0.9,2,8,9,3.48,TRUE,TRUE
2285,16,Male,Undergraduate,8.2,7.3,2.7,4.5,3.7,2,8,7,3.42,TRUE,TRUE
2286,17,Male,Undergraduate,8.1,5.6,3.4,4.8,2.9,3,6,4,3.38,TRUE,FALSE
2287,21,Male,Undergraduate,6.7,1.9,0,1.7,4.3,0,7,9,3.87,FALSE,TRUE
2288,20,Male,Graduate,8.1,5.7,3.5,5.3,3.5,2,8,7,3.58,FALSE,TRUE
2289,24,Female,Undergraduate,7.2,4.9,3.5,3.2,1.8,2,6,6,3.62,TRUE,FALSE
2290,14,Male,High School,6.5,7.1,1.3,1,6.4,0,5,7,3.71,FALSE,FALSE
2291,20,Male,High School,8.5,4.1,2,3.8,0,3,8,10,3.31,FALSE,TRUE
2292,24,Female,Graduate,7.3,8.9,4.3,3.6,1.3,2,8,10,3.3,FALSE,TRUE
2293,23,Female,Undergraduate,7.2,7.5,2.1,2.3,0,1,10,8,3.09,FALSE,TRUE
2294,22,Female,Undergraduate,7.1,8,5.9,5.3,1.1,0,10,10,2.82,TRUE,TRUE
2295,19,Male,Undergraduate,8.4,6.1,4.9,2.8,3.1,1,8,9,3.15,TRUE,TRUE
2296,21,Non-binary,Graduate,8.3,6.9,3.9,3.9,0,5,6,4,3.03,TRUE,FALSE
2297,19,Male,Undergraduate,7.2,7.5,5.1,2.6,5.1,3,10,10,2.34,FALSE,TRUE
2298,14,Female,High School,8.6,4.8,3.5,2.5,6.5,1,6,6,4,FALSE,FALSE
2299,18,Male,Undergraduate,7.7,7.4,5.1,1.6,6.5,2,8,7,3.72,FALSE,TRUE
2300,21,Female,Undergraduate,10.2,4,2.1,5.6,0,3,4,2,4,FALSE,FALSE
2301,22,Female,High School,5.7,9.8,4.8,3.9,2.9,3,8,8,2.64,TRUE,TRUE
2302,21,Female,Undergraduate,8.9,5.6,4.5,2.3,4.6,1,6,7,3.1,FALSE,FALSE
2303,16,Male,Undergraduate,7.1,6.9,1.9,3.4,5.7,2,7,9,3.46,FALSE,TRUE
2304,20,Male,Undergraduate,9.7,5.2,1.7,4.8,3.5,1,6,4,3.67,TRUE,FALSE
2305,21,Male,Graduate,8,4,4,3.1,1.6,3,6,5,3.04,FALSE,FALSE
2306,15,Female,Undergraduate,7.1,9.4,5.2,4,4.9,3,9,10,3.08,TRUE,TRUE
2307,23,Male,Undergraduate,7.3,7.1,2.8,2.2,5,3,9,8,3.29,FALSE,TRUE
2308,22,Male,Graduate,8.7,1.4,0,3.2,4.9,0,4,3,3.58,FALSE,FALSE
2309,19,Female,Undergraduate,7.3,3.1,3,0.7,5,1,5,6,3.8,FALSE,FALSE
2310,19,Female,Undergraduate,7.5,6.2,2.7,3.1,7.2,1,4,6,3.53,TRUE,FALSE
2311,15,Male,High School,6.9,7.8,4.4,2.2,3.3,0,5,6,3.2,FALSE,FALSE
2312,21,Female,Undergraduate,7.2,6.5,2.6,5,0.9,2,7,5,3.3,FALSE,TRUE
2313,18,Female,Undergraduate,6.5,7.3,3.4,2.3,3.6,1,9,7,2.63,FALSE,TRUE
2314,18,Male,Undergraduate,8.3,4,0,2,1.3,2,6,6,3.89,FALSE,FALSE
2315,19,Male,Undergraduate,6.2,10.7,7.1,4.3,5.1,1,9,10,2.95,FALSE,TRUE
2316,14,Male,Undergraduate,7.9,6,3,2.1,6.5,0,7,8,3,FALSE,TRUE
2317,21,Male,Undergraduate,7.6,7.3,4.2,3.3,5.2,3,7,9,3.41,FALSE,TRUE
2318,25,Female,High School,8.2,3.9,2.2,3,0.3,2,6,4,3.25,FALSE,FALSE
2319,21,Non-binary,High School,9,6.2,3,2.9,4.9,2,6,6,3.2,FALSE,FALSE
2320,18,Male,Undergraduate,6.3,9.6,5.5,1.8,11.1,3,5,3,3.21,FALSE,FALSE
2321,23,Female,Undergraduate,6.5,7.5,2.6,4.6,2.4,1,10,10,3.33,FALSE,TRUE
2322,16,Male,High School,8.5,3.8,1,2.2,3.2,4,5,5,3.04,FALSE,FALSE
2323,18,Female,High School,7.1,8.6,7.1,3.8,3.5,0,10,9,2.63,TRUE,TRUE
2324,20,Female,High School,9,4.3,2.2,3.7,4.3,1,6,4,4,TRUE,FALSE
2325,14,Female,High School,8.8,1,1.3,4.1,1.8,2,7,8,3.3,FALSE,TRUE
2326,22,Male,Undergraduate,6.8,6.6,2.3,2.5,6.5,2,7,8,3.68,FALSE,TRUE
2327,19,Male,Undergraduate,8,2.3,0.7,2.5,8.4,2,4,4,3.38,FALSE,FALSE
2328,22,Female,Graduate,7.7,7.1,3.5,4,0.5,2,10,10,3.2,TRUE,TRUE
2329,20,Male,Graduate,9,1.6,0,2.3,3.5,0,4,4,3.81,TRUE,FALSE
2330,21,Male,Undergraduate,8.8,5,5.4,2.5,3.2,2,6,6,3.45,TRUE,FALSE
2331,23,Male,High School,7.2,9.4,6,2.6,1.3,1,7,9,2.84,TRUE,TRUE
2332,20,Male,Undergraduate,6.4,8.4,2.2,3,7.5,2,6,4,3.12,FALSE,FALSE
2333,21,Female,Undergraduate,6.9,8.1,7.1,2.7,4.1,2,8,8,3.17,FALSE,TRUE
2334,17,Non-binary,Undergraduate,6.2,8,4.4,3,3,1,8,9,3.36,TRUE,TRUE
2335,21,Non-binary,High School,6.4,9.2,5.1,1.8,0.8,4,9,8,2.76,TRUE,TRUE
2336,18,Prefer not to say,Undergraduate,7.4,3.1,2.8,3.2,3.8,2,7,9,3.39,FALSE,TRUE
2337,21,Non-binary,High School,4.9,11.5,5.9,4.4,3.5,2,8,8,3.36,FALSE,TRUE
2338,18,Male,High School,9,6.7,3.9,2.1,5.9,3,7,5,3.6,FALSE,TRUE
2339,20,Male,High School,7.8,4,2.2,3.9,4.8,3,4,6,3.97,TRUE,FALSE
2340,19,Female,Undergraduate,8,5.3,3.4,6,5.9,2,6,6,3.08,TRUE,FALSE
2341,19,Female,Undergraduate,8.7,4.8,3.1,1.5,3.6,1,6,5,3,FALSE,FALSE
2342,16,Male,Undergraduate,6.8,9.7,6,3,6.4,0,7,9,2.78,FALSE,TRUE
2343,21,Male,Undergraduate,5.9,8.5,4.9,3.4,4.7,1,8,6,2.77,FALSE,TRUE
2344,21,Female,Undergraduate,8.5,8.8,5.6,2.9,7.5,0,9,8,3.28,FALSE,TRUE
2345,21,Male,High School,6.3,9,6.1,1.5,0.7,3,10,10,2.71,FALSE,TRUE
2346,22,Female,Undergraduate,6.9,8.9,4.1,3.3,4.8,3,10,9,3.18,TRUE,TRUE
2347,15,Female,High School,7.3,6.5,2.6,2.3,2.1,2,8,9,3.33,FALSE,TRUE
2348,16,Female,Undergraduate,7.1,8.1,3.5,4,3.5,0,7,5,3.22,TRUE,TRUE
2349,19,Female,Undergraduate,7.7,9.1,4.4,6.1,5.6,2,8,8,3.35,TRUE,TRUE
2350,16,Male,Graduate,6.6,8.2,5.5,3.4,2.6,3,9,8,2.69,FALSE,TRUE
2351,20,Female,Undergraduate,7,6.5,4.9,5.4,2.1,2,6,4,3.01,TRUE,FALSE
2352,20,Male,Undergraduate,7.9,7.1,3.4,1.8,7.1,6,6,5,3.54,FALSE,FALSE
2353,16,Male,Undergraduate,7,7.9,4.3,3.5,3.3,2,6,6,3.48,FALSE,FALSE
2354,21,Female,High School,8.8,3.3,1.6,3.8,5,1,5,7,3.8,TRUE,FALSE
2355,22,Male,Graduate,8.4,4.5,3.5,1.6,4.7,3,7,6,3.47,TRUE,TRUE
2356,19,Female,Undergraduate,7,6.2,4,1.3,4.2,0,6,6,3.15,FALSE,FALSE
2357,19,Female,High School,6,10.5,7.7,2.9,2.9,2,10,10,3.11,FALSE,TRUE
2358,20,Female,High School,8,5.4,3.7,0.3,7.8,1,6,8,3.11,FALSE,FALSE
2359,25,Female,Undergraduate,6.5,11.6,6.3,4.5,5.8,3,9,8,2.59,FALSE,TRUE
2360,22,Female,Undergraduate,8.4,3.6,2.3,2.4,2.7,1,7,6,3.39,FALSE,TRUE
2361,19,Female,Undergraduate,8.4,6.7,3.5,3.7,0.6,2,8,8,3.23,FALSE,TRUE
2362,19,Male,Undergraduate,6.2,10.6,7.6,4,0.5,3,10,9,2.13,TRUE,TRUE
2363,20,Female,Undergraduate,7.4,7.1,1.9,3.2,4.7,2,8,10,2.94,FALSE,TRUE
2364,19,Female,High School,7.5,5.2,3.5,1.3,7.2,1,5,4,3.66,FALSE,FALSE
2365,21,Female,Graduate,7.1,7.9,5.1,1.3,0,0,8,7,3.6,FALSE,TRUE
2366,22,Female,High School,7.3,4.6,3.9,3.2,0,2,8,9,3.18,FALSE,TRUE
2367,29,Male,Undergraduate,6.1,7.3,4.9,1.2,0,1,9,9,2.69,FALSE,TRUE
2368,18,Female,Undergraduate,8.3,2.3,1.8,1.9,8.5,2,5,5,3.84,FALSE,FALSE
2369,20,Female,Undergraduate,8.8,6.2,3,2.4,5,5,6,7,3.56,TRUE,FALSE
2370,25,Female,High School,7.2,5.8,3.2,1.1,2.8,3,7,6,3.08,TRUE,TRUE
2371,14,Female,Undergraduate,7.5,6.6,3.1,3.9,0,1,7,6,3.68,FALSE,TRUE
2372,20,Male,Undergraduate,6.9,8.3,4.1,2.9,3.6,3,9,10,2.97,FALSE,TRUE
2373,17,Female,Graduate,6.5,7.6,4.9,4.8,2.2,4,8,6,3.38,FALSE,TRUE
2374,23,Prefer not to say,Undergraduate,7.2,5.9,3.9,5.8,1.5,2,9,7,3.74,FALSE,TRUE
2375,20,Female,Undergraduate,7.2,7.8,3.9,1.5,4.2,3,8,8,3.38,FALSE,TRUE
2376,21,Male,Undergraduate,5.4,11,5.3,0,0,1,10,10,2.31,FALSE,TRUE
2377,27,Female,High School,7.4,3.2,0.8,2.7,6.1,1,6,8,3.45,FALSE,FALSE
2378,18,Male,High School,7.3,5.2,3.5,3.2,0.2,3,9,8,2.87,FALSE,TRUE
2379,19,Female,High School,5.9,10.2,4.4,1,6.6,5,10,10,2.82,FALSE,TRUE
2380,22,Male,Undergraduate,7.1,4.1,0.8,3.6,0,3,7,9,3.59,FALSE,TRUE
2381,18,Female,Undergraduate,9,3.4,2.6,2.6,2.7,3,7,6,3.59,FALSE,TRUE
2382,21,Female,High School,9.5,3.6,1.1,5.3,3.1,2,5,4,4,TRUE,FALSE
2383,17,Female,Graduate,7.2,5.2,3.9,2.1,6.3,3,5,3,3.53,FALSE,FALSE
2384,18,Female,Undergraduate,8.2,6.6,2.8,0.9,5.8,1,6,5,3.57,FALSE,FALSE
2385,21,Female,Undergraduate,8.9,3.1,0.9,0.4,6.3,1,6,6,3.24,FALSE,FALSE
2386,19,Male,Graduate,7.2,8.3,4.6,1.6,3.3,4,5,7,3.79,FALSE,FALSE
2387,20,Female,High School,7,9.3,4.3,4.4,6.2,1,7,7,2.95,FALSE,TRUE
2388,23,Female,Undergraduate,8.2,6.4,2.2,3.7,1.1,1,9,10,3.44,FALSE,TRUE
2389,21,Male,Undergraduate,6.4,5,2.4,3.1,0,2,9,10,3.34,FALSE,TRUE
2390,20,Female,Graduate,6.6,8.6,6.5,2.6,8.2,0,6,5,2.87,TRUE,FALSE
2391,22,Female,Undergraduate,6.6,6.2,3.1,3.6,5.1,2,8,10,2.93,TRUE,TRUE
2392,20,Male,Undergraduate,7.7,5.4,3,2.1,0.7,3,8,7,3,FALSE,TRUE
2393,14,Male,Undergraduate,7.5,6.1,3.2,5,4.7,4,9,9,3.19,FALSE,TRUE
2394,15,Female,High School,7.3,4.3,2.6,1.2,1.6,0,8,6,3.03,FALSE,TRUE
2395,21,Male,High School,9.3,5.4,3.4,4,5.4,4,5,5,3.21,FALSE,FALSE
2396,21,Male,Undergraduate,7.6,8.6,4.9,2.6,2.5,1,7,9,3.06,FALSE,TRUE
2397,24,Male,Undergraduate,5.6,8.4,5.8,5.4,3.1,0,10,10,3.46,FALSE,TRUE
2398,19,Male,High School,8,7.5,4.9,2,3.5,3,6,5,3.83,FALSE,FALSE
2399,14,Male,Undergraduate,6.6,9.1,5.1,2.7,6.8,2,8,6,2.98,FALSE,TRUE
2400,20,Female,Undergraduate,6,8,4.5,1.4,7.2,0,8,10,3.35,FALSE,TRUE
2401,25,Female,High School,7.9,9.1,8.3,3.1,2.7,0,6,6,2.82,FALSE,FALSE
2402,17,Female,Undergraduate,7.5,6.1,4,4.5,0,3,6,8,3.89,FALSE,FALSE
2403,17,Male,Undergraduate,8.1,9.3,6.6,2.9,1.7,2,7,5,2.83,TRUE,TRUE
2404,18,Male,Undergraduate,6.1,9,7.3,4,5.1,1,10,9,2.95,FALSE,TRUE
2405,21,Non-binary,High School,6.4,8.6,3.6,1.4,0.5,0,10,10,2.81,FALSE,TRUE
2406,19,Male,High School,7.4,6,3.3,6.1,8.6,2,7,5,2.85,TRUE,TRUE
2407,15,Female,Graduate,9.3,4.3,1.6,3.1,0,6,5,4,3.29,FALSE,FALSE
2408,22,Male,Undergraduate,7.4,5.7,1.5,1.7,1,0,8,6,3.24,FALSE,TRUE
2409,23,Female,Undergraduate,8.2,4.6,1.2,1.6,0,2,7,8,3.38,FALSE,TRUE
2410,21,Female,Undergraduate,10.1,2.9,1,2.5,4.2,3,6,7,4,FALSE,FALSE
2411,16,Female,Undergraduate,7.5,5.8,4.1,0.9,1.4,3,7,9,3.19,TRUE,TRUE
2412,18,Female,Undergraduate,8,6.9,4,2.4,4.2,3,9,8,3.47,FALSE,TRUE
2413,22,Female,High School,6.3,6.9,4.4,4.1,4.5,3,6,4,3.48,FALSE,FALSE
2414,17,Male,Undergraduate,4.7,11.2,6.5,2.6,4.9,2,10,10,2.46,TRUE,TRUE
2415,17,Non-binary,Graduate,7.2,4.5,3.9,4.2,0.4,1,9,8,3.65,FALSE,TRUE
2416,16,Female,Undergraduate,9.3,3,0.3,4.8,2.7,0,6,7,3.54,TRUE,FALSE
2417,20,Female,Graduate,5.9,8.3,5.7,1.4,7.6,0,5,7,3.24,TRUE,FALSE
2418,22,Non-binary,Undergraduate,7.7,10,5,2.3,1.1,2,8,8,3.1,FALSE,TRUE
2419,20,Male,High School,5.8,8,5.1,1.2,1.8,5,8,7,2.63,FALSE,TRUE
2420,19,Female,High School,7.5,7.3,4.7,4.4,2.9,1,5,6,3.14,FALSE,FALSE
2421,19,Male,Undergraduate,7.3,7.2,4.3,3,4.3,2,7,5,3.02,FALSE,TRUE
2422,15,Female,Graduate,7,4,1.9,5.5,1.9,2,5,7,3.34,TRUE,FALSE
2423,23,Male,Graduate,6.3,9,3,4,4.1,3,7,9,3.71,FALSE,TRUE
2424,21,Male,Graduate,6.9,7.5,4,3.1,4.1,1,8,6,3.22,TRUE,TRUE
2425,19,Female,Undergraduate,7.4,4.4,2.2,4.7,5.6,0,7,7,4,TRUE,TRUE
2426,17,Female,Undergraduate,7,3.7,1,5.5,5.5,0,7,9,3.36,FALSE,TRUE
2427,17,Female,Undergraduate,7.9,7.5,3.6,2.9,0,0,8,10,2.88,TRUE,TRUE
2428,19,Male,High School,6.6,4.6,0.9,2.6,4.3,0,7,6,3.01,FALSE,TRUE
2429,23,Female,Undergraduate,6.5,6.5,3.5,2.9,2.3,0,9,7,3.05,FALSE,TRUE
2430,15,Male,Undergraduate,6.7,7.4,3.8,1.5,0,1,9,10,3.36,TRUE,TRUE
2431,18,Male,High School,8,4.6,2.7,3.6,6.6,2,6,4,3.79,FALSE,FALSE
2432,17,Female,High School,7.7,7.7,3.8,3.2,0.2,0,8,8,2.99,FALSE,TRUE
2433,21,Female,High School,6.8,6.7,4.8,1.9,0,2,10,9,2.67,FALSE,TRUE
2434,19,Female,Undergraduate,6.4,6.9,5.2,5.2,1.9,1,8,10,2.99,FALSE,TRUE
2435,18,Male,Undergraduate,7,5,2,3.1,2.9,2,6,7,3.79,FALSE,FALSE
2436,20,Female,Undergraduate,7.8,5.7,2.9,5.2,2.3,3,7,7,3.38,FALSE,TRUE
2437,15,Female,Undergraduate,5.3,10.7,6.2,3.4,9.6,2,9,10,2.92,FALSE,TRUE
2438,18,Male,Undergraduate,6.1,9.7,5,2.7,2.6,2,10,10,2.65,FALSE,TRUE
2439,19,Male,Undergraduate,7.5,3.4,0.9,2.8,0.5,2,8,6,3.17,FALSE,TRUE
2440,14,Female,Undergraduate,5.3,8.2,5.9,2.3,4.9,4,9,7,3,FALSE,TRUE
2441,22,Female,Undergraduate,7.6,4.6,4.2,4.4,0,1,7,5,2.82,TRUE,TRUE
2442,21,Male,Graduate,7.6,6,2.4,5.1,0,1,7,8,3.73,FALSE,TRUE
2443,19,Male,High School,8.6,3.6,1.8,1.3,6.4,2,5,4,4,FALSE,FALSE
2444,17,Female,Undergraduate,7.8,5.8,5.4,3.3,6.7,1,6,8,3.13,FALSE,FALSE
2445,25,Female,Graduate,7.1,5.7,2.3,3.6,0.5,2,7,6,2.98,FALSE,TRUE
2446,22,Male,Graduate,7.8,4.2,3,2.5,9.4,0,4,5,3.69,FALSE,FALSE
2447,15,Male,Undergraduate,7.8,4.7,2.2,2.6,2.2,2,9,10,2.99,FALSE,TRUE
2448,16,Male,Undergraduate,8.3,5.8,3,4.4,0.1,1,7,5,3.72,FALSE,TRUE
2449,14,Female,Undergraduate,7.8,7.8,5.8,1.7,4.6,2,7,9,3.11,TRUE,TRUE
2450,18,Male,Undergraduate,8.9,5.6,3.5,0.5,2.4,3,8,8,3.45,FALSE,TRUE
2451,17,Male,Undergraduate,7.1,7.5,1.9,4.2,1.8,3,7,5,3.27,FALSE,TRUE
2452,21,Male,High School,9.5,2.4,1.7,2.4,1.3,1,4,3,3.96,FALSE,FALSE
2453,22,Female,Undergraduate,7.6,5.1,3.1,5,1.3,2,7,8,3.13,TRUE,TRUE
2454,17,Female,Undergraduate,7.8,5.3,1.5,2.9,4.9,0,6,6,3.74,FALSE,FALSE
2455,20,Female,Graduate,6.8,6.8,3.9,4,5.3,4,8,8,3.2,FALSE,TRUE
2456,18,Male,High School,7.5,7.3,2.9,4.1,3.5,3,7,9,2.98,TRUE,TRUE
2457,24,Male,Undergraduate,6.6,4.7,1.9,3,7,1,5,7,3.19,TRUE,FALSE
2458,18,Female,High School,7.8,8.1,5,2.5,2.8,2,7,7,2.93,FALSE,TRUE
2459,22,Male,High School,7.1,8,6.1,1.9,4.9,3,9,10,3.05,FALSE,TRUE
2460,19,Male,Undergraduate,7.4,7.7,4.7,4.1,6.3,0,8,9,3.76,TRUE,TRUE
2461,22,Male,Undergraduate,7.9,5.2,1.3,6.4,6.8,0,7,6,3.15,TRUE,TRUE
2462,18,Female,Graduate,9.1,3.8,3.9,4,1.8,1,7,7,3.24,TRUE,TRUE
2463,19,Male,Undergraduate,7.3,8.2,5.1,3.9,3.3,3,7,8,3.61,FALSE,TRUE
2464,18,Female,Undergraduate,6.3,6.9,3.5,1.9,3.9,2,9,10,3.27,FALSE,TRUE
2465,20,Male,Graduate,6.6,6.6,3.7,4.3,9.8,0,8,9,3.49,FALSE,TRUE
2466,22,Female,High School,7.6,5.5,3.1,5,3.6,5,8,8,3.08,TRUE,TRUE
2467,20,Female,Undergraduate,6.8,6,2.1,2.9,0,0,9,9,3.47,FALSE,TRUE
2468,19,Male,Graduate,7.2,4.1,0.3,2.5,7.9,2,8,8,4,FALSE,TRUE
2469,16,Female,High School,5.9,9.7,4.1,2.8,1.8,2,8,9,3.26,FALSE,TRUE
2470,17,Female,High School,7.4,6.9,4.9,2.2,3.7,1,7,6,3.54,TRUE,TRUE
2471,18,Male,High School,8.1,7.2,5.4,5.7,0.1,0,7,9,2.69,FALSE,TRUE
2472,22,Female,Undergraduate,9.9,1,0,6.1,4.1,0,3,3,4,TRUE,FALSE
2473,20,Female,High School,8.4,4.8,1.5,4.1,5.8,1,8,8,3.63,FALSE,TRUE
2474,18,Male,Undergraduate,7,6.9,2.6,4,0.9,0,7,9,3.42,TRUE,TRUE
2475,19,Female,Undergraduate,7.5,6,1,2.1,6.2,0,7,8,3.59,FALSE,TRUE
2476,19,Male,High School,7.8,5.2,5.4,3.6,6.7,2,6,5,3.22,FALSE,FALSE
2477,17,Male,Undergraduate,6.9,6.5,1.9,2.2,5.2,4,9,7,3.12,FALSE,TRUE
2478,19,Female,Undergraduate,8.1,4.9,2.1,3.4,2.2,3,8,10,3.68,TRUE,TRUE
2479,19,Female,Undergraduate,8,6.2,3.9,5.9,3.2,0,5,4,3.96,FALSE,FALSE
2480,17,Non-binary,Undergraduate,7.3,5.2,2.7,2.5,1.8,3,6,6,2.61,FALSE,FALSE
2481,20,Female,Undergraduate,4.6,8.8,5.3,3.2,1.6,0,9,9,2.54,TRUE,TRUE
2482,16,Male,High School,6.6,5.3,4,2.2,5.4,1,6,8,3.43,TRUE,FALSE
2483,16,Non-binary,Undergraduate,8,6.1,3.5,2.8,5.6,2,6,8,3.59,TRUE,FALSE
2484,22,Male,High School,6.5,5.5,4.3,3.4,3.5,2,6,6,2.99,FALSE,FALSE
2485,17,Non-binary,Undergraduate,7.7,6.5,3.5,2.7,5.4,1,7,9,3.61,FALSE,TRUE
2486,22,Male,Undergraduate,5.5,12,5.7,4.4,3.6,0,10,9,2.26,FALSE,TRUE
2487,18,Male,Undergraduate,7.1,10.8,6.8,2.2,2.3,3,10,8,2.45,FALSE,TRUE
2488,21,Male,Undergraduate,6.8,8.9,6,2.7,0.2,1,10,8,2.8,FALSE,TRUE
2489,16,Male,Undergraduate,5.5,7.8,5.1,3.3,1.4,0,10,10,2.71,FALSE,TRUE
2490,22,Male,Undergraduate,7.5,5.9,2.9,3.6,3.9,1,7,5,3.43,FALSE,TRUE
2491,17,Male,Graduate,7.2,6.9,2.7,5.7,3.1,2,8,6,3.38,FALSE,TRUE
2492,15,Female,Undergraduate,7.2,6.6,4.3,5.1,0.8,1,8,8,3.05,FALSE,TRUE
2493,17,Male,Undergraduate,6.4,7.5,5.2,0.6,5,1,10,10,3.18,FALSE,TRUE
2494,19,Non-binary,High School,8.1,4.8,3.1,1.4,5.4,1,7,9,3.23,FALSE,TRUE
2495,16,Male,High School,7.6,4.8,2.1,1.5,2.8,1,6,6,3.68,FALSE,FALSE
2496,20,Male,Undergraduate,8.3,5.1,2.1,3.5,6.2,2,5,3,3.32,FALSE,FALSE
2497,18,Male,High School,7.8,4.5,1.7,3.1,0,2,5,6,3.28,FALSE,FALSE
2498,19,Male,Undergraduate,7.9,5.3,4.6,6.9,5.3,0,8,10,3.14,TRUE,TRUE
2499,18,Female,Undergraduate,6.7,8,3.6,3.8,9.1,1,6,8,2.8,FALSE,FALSE
2500,16,Female,High School,7.1,6.6,3.3,2.5,5.3,2,8,7,3.08,TRUE,TRUE
2501,25,Male,Undergraduate,7.7,6.6,3.6,3.1,0,3,7,9,3.57,TRUE,TRUE
2502,22,Female,Undergraduate,7.2,8.3,3.9,3,3.7,2,7,7,3.03,FALSE,TRUE
2503,16,Male,Undergraduate,7.7,4.7,2.2,3,6.5,2,6,6,3.52,FALSE,FALSE
2504,21,Male,High School,6.6,7.9,1.7,1.4,0,1,10,10,3.39,FALSE,TRUE
2505,24,Female,Undergraduate,7,9.8,4.2,1.8,0,5,9,8,3.14,FALSE,TRUE
2506,16,Female,High School,6.3,7.2,4.9,4.3,8.9,3,6,5,3.39,FALSE,FALSE
2507,26,Female,Graduate,7.9,4.2,2.3,3.5,3.3,3,6,4,3.68,TRUE,FALSE
2508,17,Female,Undergraduate,7,5.1,2.8,1.6,1.7,3,7,6,3.14,FALSE,TRUE
2509,16,Male,High School,8.4,4.3,2.1,3.7,0,3,6,4,3.49,FALSE,FALSE
2510,23,Female,Undergraduate,7.2,4.4,2.6,3.4,4.4,1,5,4,3.16,FALSE,FALSE
2511,19,Male,High School,7.6,6,3.2,4.9,3.5,4,7,7,3.57,FALSE,TRUE
2512,14,Male,High School,6.5,6.2,4,6,2.6,2,9,7,2.25,FALSE,TRUE
2513,22,Female,Undergraduate,8.1,3.8,3.7,0.7,7.3,2,6,6,3.24,FALSE,FALSE
2514,19,Female,High School,7.2,6.5,3.9,2.9,1.1,1,8,7,3.25,FALSE,TRUE
2515,19,Male,Undergraduate,6.9,6.5,4.4,3.3,3.8,1,7,7,3.07,FALSE,TRUE
2516,20,Female,Graduate,7.2,6.6,4.3,3.4,0.9,0,8,6,3.66,TRUE,TRUE
2517,20,Male,High School,5.8,9.2,6.2,6.6,4,3,9,9,3.03,TRUE,TRUE
2518,18,Female,Graduate,7.5,5.1,4.3,0.4,4.2,2,7,9,3.05,TRUE,TRUE
2519,19,Female,Undergraduate,8.1,2.8,0.9,3.2,3.2,2,7,6,3.93,TRUE,TRUE
2520,18,Female,Undergraduate,8.1,6.5,3.8,4,0,1,6,6,3.4,FALSE,FALSE
2521,16,Female,High School,6.6,8.7,3.7,3.2,3.7,0,8,10,3.31,TRUE,TRUE
2522,21,Male,Undergraduate,10.8,2.3,1.4,3.4,8.2,1,3,3,3.91,FALSE,FALSE
2523,19,Male,Undergraduate,6.5,6.2,3.3,3.5,0,0,10,10,3.18,FALSE,TRUE
2524,19,Male,Graduate,7.7,6.5,4.1,3.8,3.4,1,8,8,3.55,FALSE,TRUE
2525,23,Non-binary,Undergraduate,6.5,5,3.5,3.6,7.7,5,5,3,3.72,FALSE,FALSE
2526,18,Male,Undergraduate,7.7,2.9,0.8,2,1.3,2,7,7,3.06,TRUE,TRUE
2527,24,Female,Undergraduate,6.9,10.2,6,3,1.6,1,10,9,2.77,FALSE,TRUE
2528,20,Female,High School,8.1,6,2.9,3.7,7.1,2,7,8,3.46,TRUE,TRUE
2529,21,Female,Undergraduate,7.9,4.5,1.9,2,2.9,0,8,8,3.06,TRUE,TRUE
2530,14,Female,Undergraduate,5.9,9,5.7,2.8,4.8,3,7,7,2.91,TRUE,TRUE
2531,24,Male,High School,8.9,3.5,1.7,0.5,3.3,2,7,9,3.14,TRUE,TRUE
2532,19,Female,High School,8.8,4.9,2.6,3.4,4.1,3,4,3,4,FALSE,FALSE
2533,28,Female,High School,7.6,3,0.8,2.2,9.2,2,7,9,3.41,FALSE,TRUE
2534,14,Female,Undergraduate,8,4.1,1.7,4.1,0,2,8,6,3.4,FALSE,TRUE
2535,23,Male,Graduate,8.4,4.7,2.7,2.4,4.5,1,3,1,3.62,FALSE,FALSE
2536,24,Male,Undergraduate,7.1,7.3,4.6,5.4,9,1,7,6,2.93,TRUE,TRUE
2537,21,Female,Undergraduate,6.5,8.5,2.7,3.4,3.8,1,8,9,3.5,FALSE,TRUE
2538,20,Male,Graduate,6.7,8.6,2.4,4.1,5.6,3,10,10,2.71,FALSE,TRUE
2539,20,Prefer not to say,Graduate,7,5.7,1.8,2.7,5.4,3,7,8,3.62,FALSE,TRUE
2540,18,Male,Undergraduate,4.8,8.9,5.6,3.9,4,3,8,10,2.16,FALSE,TRUE
2541,21,Female,Undergraduate,7.5,3.7,2.3,4,7.6,3,5,7,3.05,TRUE,FALSE
2542,19,Female,Undergraduate,7.1,9.6,7.4,1.6,2.6,3,8,6,3.02,TRUE,TRUE
2543,17,Female,Undergraduate,6.5,6.3,4.4,1.4,1,1,8,9,2.93,FALSE,TRUE
2544,17,Male,High School,7.1,8.5,6.2,0.8,0,1,7,9,3.66,FALSE,TRUE
2545,16,Female,Undergraduate,7.5,7.3,4.3,4.4,1.2,1,8,7,3.7,FALSE,TRUE
2546,15,Female,Graduate,9.2,6.7,2,2.1,5.7,1,8,8,3.6,FALSE,TRUE
2547,22,Female,Undergraduate,6.7,8.6,4.6,3.8,4,2,9,10,2.74,FALSE,TRUE
2548,16,Female,Undergraduate,8.6,5.5,3.4,3.3,6.4,1,6,6,3.62,FALSE,FALSE
2549,15,Female,Undergraduate,7,8.6,5.7,2.3,6,2,8,10,3.13,TRUE,TRUE
2550,15,Female,Undergraduate,6.1,5.9,2.2,1.8,0.6,1,9,10,3.14,FALSE,TRUE
2551,16,Female,Undergraduate,4.8,13.1,6.8,3.7,3.6,1,10,10,1.97,FALSE,TRUE
2552,20,Female,Undergraduate,8.2,3.8,3.5,2.7,5.7,1,7,7,4,FALSE,TRUE
2553,20,Male,Undergraduate,8.5,7.6,2.7,1.7,6.3,5,6,5,3.58,FALSE,FALSE
2554,20,Female,Undergraduate,7.7,7.2,4.6,2.4,2.5,2,6,5,3.45,FALSE,FALSE
2555,26,Female,Undergraduate,6.6,8.5,4.7,0.8,4.2,2,9,8,2.72,FALSE,TRUE
2556,22,Male,High School,8.1,4.7,4.5,5,7.2,2,4,3,3.28,FALSE,FALSE
2557,19,Male,Graduate,7.1,5.6,3.3,4,2.4,2,7,6,3.31,TRUE,TRUE
2558,18,Male,High School,7.9,4.3,2.1,4.2,3.4,2,7,5,3.18,TRUE,TRUE
2559,19,Male,Undergraduate,6.2,7.4,3.8,3.8,1.7,2,9,10,2.81,FALSE,TRUE
2560,14,Female,Undergraduate,6.6,9.5,6,5.1,1.7,1,8,7,2.96,TRUE,TRUE
2561,16,Female,High School,8.1,6.3,4.8,3.2,2.4,2,8,10,3.08,FALSE,TRUE
2562,20,Male,Undergraduate,8.1,8.3,4,2.1,0.8,3,10,10,3.27,FALSE,TRUE
2563,19,Female,High School,7.7,12.9,7.2,2.2,2.3,1,8,8,3.16,FALSE,TRUE
2564,17,Male,Undergraduate,9.2,6.5,4.7,4.3,2.3,2,7,8,3.28,FALSE,TRUE
2565,23,Female,High School,8,1.3,0.9,1.4,2.4,1,6,5,3.18,FALSE,FALSE
2566,14,Female,Undergraduate,8.9,7,3.7,4.7,2.6,2,9,7,3.75,FALSE,TRUE
2567,18,Female,Undergraduate,7.4,8.9,6,2.7,1.9,2,8,6,3.04,FALSE,TRUE
2568,18,Male,Graduate,8.8,4.3,3.8,4.5,4,1,4,3,2.82,TRUE,FALSE
2569,24,Male,High School,8.8,5,2,3.3,6.9,1,6,7,3.33,FALSE,FALSE
2570,26,Female,Undergraduate,7.2,4.4,2.7,2.4,0.6,4,6,6,3.36,FALSE,FALSE
2571,17,Male,Undergraduate,7.8,7.7,4.9,5.2,0.8,1,9,8,3.33,FALSE,TRUE
2572,22,Male,High School,6.4,5,1.9,3.2,0.2,5,8,8,3.27,TRUE,TRUE
2573,22,Female,High School,5.9,10,6.2,1.6,5.3,1,8,8,2.54,FALSE,TRUE
2574,20,Male,Undergraduate,6,8.4,4,1.8,5.2,0,9,10,3.35,FALSE,TRUE
2575,14,Male,High School,7.4,10.8,6.9,3.5,1.4,0,9,10,2.39,TRUE,TRUE
2576,16,Male,Graduate,7.9,7.5,5,1.9,6.5,3,7,8,3.3,FALSE,TRUE
2577,21,Female,Undergraduate,6.6,8.6,6.3,2.8,6.2,0,8,10,2.72,TRUE,TRUE
2578,21,Non-binary,High School,6.9,8.3,2.5,3.2,3.7,0,8,8,3.72,FALSE,TRUE
2579,16,Male,High School,8.6,4.9,4.3,2.7,0,2,8,10,3.7,FALSE,TRUE
2580,17,Female,Undergraduate,7.4,8.5,4.3,5.8,2.2,1,6,5,3.63,TRUE,FALSE
2581,15,Female,Undergraduate,7.6,8.3,4.4,4.6,3.7,3,7,9,3.2,FALSE,TRUE
2582,22,Male,Undergraduate,6.6,4.4,1.4,1.8,2.4,0,8,6,3.35,TRUE,TRUE
2583,19,Male,Undergraduate,8.1,2.2,0.6,3.7,5.3,1,6,6,3.49,FALSE,FALSE
2584,14,Male,Undergraduate,6.7,6.6,4.3,4.9,1.3,0,9,9,2.91,FALSE,TRUE
2585,27,Male,Undergraduate,6.2,7,2.1,2.1,3.1,3,9,10,2.88,FALSE,TRUE
2586,22,Male,High School,7.6,4.2,1.8,1.3,1.5,0,6,6,4,FALSE,FALSE
2587,15,Female,Undergraduate,7.4,7.5,3.5,4.3,0.4,1,8,7,3.39,FALSE,TRUE
2588,15,Male,Graduate,5.9,7.1,3.8,2.8,1.2,1,9,10,2.68,FALSE,TRUE
2589,16,Female,High School,6,7.4,1.6,2.4,4.1,0,9,10,3.28,FALSE,TRUE
2590,14,Female,Undergraduate,8.7,4.9,2,4,0.5,1,6,6,3.52,FALSE,FALSE
2591,21,Female,High School,7.1,7.2,3.3,3,6.7,2,6,7,3.43,TRUE,FALSE
2592,14,Male,Undergraduate,6.4,7.8,3.8,3.8,5.1,3,10,8,2.75,TRUE,TRUE
2593,25,Male,High School,7.1,9.3,5,5.8,1.9,2,8,6,3.41,FALSE,TRUE
2594,22,Female,Undergraduate,8,2.9,0.9,5.3,2.7,2,6,8,3.61,TRUE,FALSE
2595,24,Female,Undergraduate,5.8,13.6,9,4.9,5.2,0,8,9,2.98,FALSE,TRUE
2596,21,Female,Undergraduate,6.2,9.6,6.2,5.3,0,0,9,7,2.72,FALSE,TRUE
2597,20,Male,Undergraduate,7.3,7.2,3.9,4.8,0,2,7,9,2.87,FALSE,TRUE
2598,20,Female,Undergraduate,7.7,7.5,4.7,4.4,2,0,7,9,3.01,FALSE,TRUE
2599,23,Male,Undergraduate,8.5,3,3.6,3.3,0.6,0,6,4,3.6,FALSE,FALSE
2600,15,Female,High School,7.6,5.9,4.7,2.8,1.7,2,7,7,2.87,FALSE,TRUE
2601,19,Male,Undergraduate,7.8,8.6,4.2,4.3,0,0,7,6,3.2,FALSE,TRUE
2602,17,Male,Undergraduate,6.6,5.8,4.7,1.3,0,0,8,8,2.97,FALSE,TRUE
2603,20,Male,Undergraduate,6.7,5.2,2.9,2.6,4.3,3,7,6,3.37,TRUE,TRUE
2604,16,Male,Undergraduate,8.9,6.5,3.9,2.8,5.3,0,7,8,3.12,FALSE,TRUE
2605,20,Male,High School,7,7.2,4.3,4.4,0.1,1,9,7,3.11,TRUE,TRUE
2606,22,Female,Graduate,9,5.2,2.3,3,5.4,1,6,8,3.66,FALSE,FALSE
2607,21,Male,High School,6.5,6.9,6,4.5,5.6,1,7,7,2.81,FALSE,TRUE
2608,21,Female,Undergraduate,6.4,7.4,4.4,3.1,2.6,1,9,10,3.31,FALSE,TRUE
2609,18,Male,High School,8.2,4.8,4.8,0.5,0.3,2,9,9,3.16,TRUE,TRUE
2610,15,Male,High School,7.4,4.3,2.6,4.4,4.2,2,6,8,3.28,FALSE,FALSE
2611,22,Female,Undergraduate,7.1,6.8,1.5,2.4,2.9,3,9,10,3.36,FALSE,TRUE
2612,24,Male,Undergraduate,7.1,6.6,2.7,1.4,3.8,0,7,9,3.5,TRUE,TRUE
2613,15,Female,Undergraduate,6.1,5.1,2.2,4.2,3.8,1,8,9,3.23,FALSE,TRUE
2614,20,Prefer not to say,Undergraduate,7,7,2.8,0.4,5.9,2,8,9,3.51,FALSE,TRUE
2615,14,Male,Undergraduate,6.8,7.7,4.2,3.2,3.4,4,7,8,3.25,FALSE,TRUE
2616,20,Female,High School,8,4.7,2,3.4,1,2,6,4,3.87,FALSE,FALSE
2617,20,Female,Undergraduate,6.7,5.9,2.3,4.5,7.5,4,7,5,2.95,FALSE,TRUE
2618,15,Male,High School,7.3,6.8,3.6,1,4.3,0,7,5,3.27,FALSE,TRUE
2619,24,Male,High School,7,9.3,6.1,3.8,0,0,7,6,2.95,TRUE,TRUE
2620,20,Male,Undergraduate,6.6,7.2,4.1,4.8,7.5,1,5,3,3.35,FALSE,FALSE
2621,23,Male,Undergraduate,7.1,7.8,3.7,2.3,3.7,1,9,9,3.57,FALSE,TRUE
2622,28,Female,Undergraduate,8.7,4.5,2.5,2.4,3.4,2,6,6,3.36,FALSE,FALSE
2623,18,Male,High School,5.7,10.4,6.5,4.3,0.9,1,10,10,2.76,FALSE,TRUE
2624,17,Male,High School,7.5,4.3,2.2,3.9,1.8,0,6,4,3.08,TRUE,FALSE
2625,23,Male,Undergraduate,8.3,8,2.4,2.4,4.3,4,6,4,4,TRUE,FALSE
2626,19,Male,High School,8.3,6.7,2.6,3.6,0,0,7,9,3.42,TRUE,TRUE
2627,14,Female,Undergraduate,8.2,5.6,2.3,4.8,4.4,0,5,4,3.51,FALSE,FALSE
2628,16,Male,Undergraduate,8.7,5.4,2.5,1.6,4.2,1,6,6,3.91,FALSE,FALSE
2629,22,Female,Graduate,7.8,7.7,4.5,2.8,0.3,0,8,6,3.16,FALSE,TRUE
2630,22,Female,High School,8.7,4.5,3.1,5.7,3.8,0,8,9,3.6,FALSE,TRUE
2631,21,Male,Undergraduate,7.6,5.8,1.1,2.4,3.3,0,7,9,3.54,FALSE,TRUE
2632,21,Prefer not to say,Undergraduate,8,3.7,0.3,2.8,2.9,0,5,5,3.82,FALSE,FALSE
2633,16,Male,Undergraduate,7.6,5.8,4.9,4.7,3.4,4,7,7,3.97,TRUE,TRUE
2634,17,Female,High School,6,7.8,4.4,1,2.7,3,8,7,3.05,TRUE,TRUE
2635,21,Male,Undergraduate,8,6.7,4,2.6,4,1,6,8,3.55,TRUE,FALSE
2636,21,Male,High School,7.2,3.9,2.2,4.1,3,2,9,9,2.67,FALSE,TRUE
2637,22,Female,Undergraduate,7.8,6.4,5,1.8,7.3,2,7,5,2.72,FALSE,TRUE
2638,20,Prefer not to say,Undergraduate,5.8,11.3,5.6,3.7,0.3,2,9,9,2.79,TRUE,TRUE
2639,17,Female,Graduate,8.2,3.5,0.2,2.5,0,0,9,9,3.14,TRUE,TRUE
2640,17,Non-binary,Undergraduate,6.7,7,2.1,1.1,0,0,8,9,2.96,FALSE,TRUE
2641,22,Female,Undergraduate,5.7,8.7,4.2,0.9,0,3,10,10,2.6,FALSE,TRUE
2642,24,Male,High School,7.9,3.7,1.6,0.5,3,4,8,9,3.9,TRUE,TRUE
2643,15,Female,High School,7.5,5.4,1.9,3.6,1.5,4,6,8,3.61,FALSE,FALSE
2644,25,Female,Undergraduate,6.5,9,4.7,3.2,5.6,3,9,10,3.28,FALSE,TRUE
2645,19,Male,Undergraduate,8.3,4.5,1.6,1.8,3.6,1,5,5,4,FALSE,FALSE
2646,22,Non-binary,Undergraduate,7.5,7.9,4.3,3.9,2.6,2,8,8,2.96,FALSE,TRUE
2647,18,Female,Graduate,6.7,8.1,3.9,3.3,4.1,3,7,8,3.63,TRUE,TRUE
2648,20,Male,Undergraduate,8.2,4.8,4.5,4.2,2.2,0,8,7,2.75,FALSE,TRUE
2649,20,Male,High School,7.5,6.5,3.2,3.9,5.4,2,7,7,3.69,FALSE,TRUE
2650,17,Female,Undergraduate,5.8,11.5,6.8,3.9,0,2,9,10,2.64,TRUE,TRUE
2651,24,Female,Undergraduate,6.3,5.3,2.1,5,1.4,0,9,8,3.06,FALSE,TRUE
2652,19,Male,Undergraduate,7.5,9.5,5.2,3.5,3.2,0,8,10,3.49,FALSE,TRUE
2653,22,Male,High School,8.3,8,2.4,3.4,4,0,7,7,3.53,FALSE,TRUE
2654,18,Female,High School,8.1,6.7,5.4,3.4,4.5,1,6,8,3.46,FALSE,FALSE
2655,23,Female,Undergraduate,7,7.1,1.8,4.9,6.7,1,7,8,3.1,FALSE,TRUE
2656,19,Female,Undergraduate,5.6,8.7,4.4,5.7,4,3,9,10,2.97,TRUE,TRUE
2657,20,Female,Undergraduate,7.5,5.1,2.9,2,5.4,0,5,6,3.47,FALSE,FALSE
2658,16,Female,Undergraduate,7.8,6.4,0.6,3.1,9.4,1,6,5,3.48,TRUE,FALSE
2659,17,Female,Graduate,8.5,1.3,0.6,6.4,6.4,2,4,4,3.87,TRUE,FALSE
2660,18,Male,High School,6.6,11.1,6.6,2.6,3.9,2,8,7,2.75,FALSE,TRUE
2661,17,Female,Undergraduate,7.7,6.2,4.2,0.1,0.5,1,7,9,3.54,FALSE,TRUE
2662,18,Male,High School,7.8,8,5.3,1.4,6.9,5,6,5,3.46,FALSE,FALSE
2663,24,Prefer not to say,High School,6.3,8.1,4.6,2.3,7.4,1,6,6,3.12,FALSE,FALSE
2664,17,Female,Graduate,8.2,7,3,1.4,5.6,1,5,7,3.28,FALSE,FALSE
2665,20,Female,Undergraduate,7.3,5.4,5.3,4.5,8.6,1,7,6,3.1,TRUE,TRUE
2666,20,Male,Undergraduate,7.7,3.9,1.7,4.7,3.6,2,7,8,3.24,FALSE,TRUE
2667,20,Female,Undergraduate,8.2,3.4,3.4,2,4.1,2,6,5,3.84,TRUE,FALSE
2668,21,Male,Undergraduate,8.7,4.6,2.7,3.2,6.1,0,5,4,3.59,FALSE,FALSE
2669,21,Male,Graduate,7.6,7.4,4.2,1.1,4,0,7,8,3.49,TRUE,TRUE
2670,14,Male,Undergraduate,5.9,8.3,5.6,4.3,10.1,2,5,5,3.2,FALSE,FALSE
2671,19,Male,Undergraduate,6.9,5.8,3.7,4.2,8.6,1,6,7,3.15,FALSE,FALSE
2672,20,Male,High School,9.6,6.7,3.3,1.6,3.7,0,5,6,4,FALSE,FALSE
2673,19,Male,High School,8.1,6.4,1.7,4.7,0.4,1,7,7,2.97,FALSE,TRUE
2674,21,Female,Undergraduate,8.1,4.8,3.8,2.5,5.4,1,5,3,3.66,TRUE,FALSE
2675,21,Female,Undergraduate,6.4,7.9,3.8,2.6,4.9,1,10,9,3,FALSE,TRUE
2676,19,Male,Undergraduate,7.3,8.4,4.4,2.1,5.3,2,10,10,3.14,FALSE,TRUE
2677,23,Female,Undergraduate,8.1,1,0,2.5,3.9,2,5,5,3.64,FALSE,FALSE
2678,19,Female,Undergraduate,7.2,9.2,3.7,1.4,4.3,4,8,8,2.51,FALSE,TRUE
2679,26,Male,High School,8.4,5,2.6,0.9,1.9,1,5,3,3.61,TRUE,FALSE
2680,15,Female,High School,7.4,8.8,4,3.9,5.7,1,7,9,3.32,FALSE,TRUE
2681,20,Male,High School,9,7.3,4.5,4.8,0,2,9,8,3.54,TRUE,TRUE
2682,26,Male,Undergraduate,7.6,7,3.7,2.3,4.2,2,7,7,3.29,TRUE,TRUE
2683,21,Female,Undergraduate,7.1,5.7,5.2,3.4,6.4,2,4,2,3.12,TRUE,FALSE
2684,29,Female,High School,6.9,3.6,1.6,1.4,1.4,1,7,6,3.59,FALSE,TRUE
2685,22,Male,High School,9.6,3.4,2.3,1.7,5.6,2,5,3,3.52,FALSE,FALSE
2686,19,Male,Undergraduate,8.4,2.1,3.5,3.5,3.3,1,4,6,3.66,FALSE,FALSE
2687,20,Female,Undergraduate,7.3,6.8,3.2,1.9,0.4,2,10,10,2.85,FALSE,TRUE
2688,24,Female,High School,6.1,5.9,1.3,4.1,0,1,7,6,3.39,FALSE,TRUE
2689,17,Male,High School,6.5,8.6,4.5,2.1,0,2,10,10,3.06,FALSE,TRUE
2690,17,Male,High School,6.8,7.2,3.9,5.4,3.8,1,7,8,3.11,FALSE,TRUE
2691,19,Female,Graduate,8.8,6.6,4.3,5.1,8.1,2,7,7,3.85,FALSE,TRUE
2692,20,Female,Undergraduate,7.8,4.9,4.3,5.7,1.6,2,6,7,3.71,FALSE,FALSE
2693,15,Female,High School,7,7.9,4.1,4.1,0,3,8,6,3.25,FALSE,TRUE
2694,18,Female,High School,7.7,4.2,2.5,1,6.4,1,7,7,3.16,FALSE,TRUE
2695,16,Male,Undergraduate,8.3,6.2,1.2,3.8,0.9,1,8,10,3.67,FALSE,TRUE
2696,17,Male,Graduate,4.8,9.8,6,3.6,0,0,10,10,2.7,FALSE,TRUE
2697,18,Male,Undergraduate,6.8,7.5,4.4,2.8,2.6,1,9,7,2.83,FALSE,TRUE
2698,14,Male,High School,8.2,3.7,0.9,2.5,7.6,0,4,3,4,FALSE,FALSE
2699,24,Male,High School,8.1,5.7,6.4,2.7,2.1,1,5,7,3.34,FALSE,FALSE
2700,25,Female,Undergraduate,8,4.3,2.6,1.7,0,4,9,7,3.34,FALSE,TRUE
2701,23,Female,Undergraduate,7.7,7.8,4.1,3,8.1,2,6,5,3.56,TRUE,FALSE
2702,16,Female,High School,7.2,6.8,3.1,1.9,3.7,4,7,8,3.15,FALSE,TRUE
2703,25,Male,Undergraduate,6.7,9.1,6.2,1.4,5.9,3,8,7,2.86,FALSE,TRUE
2704,15,Female,Graduate,6.7,9.7,5.2,2.2,1.6,3,8,7,3.61,FALSE,TRUE
2705,21,Female,Undergraduate,9.1,4.8,3.1,2.4,2.5,0,7,5,3.66,FALSE,TRUE
2706,23,Male,Graduate,7.1,7.7,3.9,3.1,2.4,1,7,6,3.21,TRUE,TRUE
2707,21,Female,Undergraduate,8.3,4.6,2.5,4.1,0,1,5,7,3.13,FALSE,FALSE
2708,18,Male,High School,7.9,8.3,4.5,0.2,4.5,2,7,7,2.84,TRUE,TRUE
2709,18,Female,Graduate,7.7,7.6,4.1,4.6,2.9,1,6,4,3.51,FALSE,FALSE
2710,17,Female,High School,6.8,7.2,4.2,6.3,2.8,1,8,9,3.04,TRUE,TRUE
2711,15,Male,Undergraduate,6.9,5.9,2.5,6.4,4.2,3,7,6,3.4,FALSE,TRUE
2712,15,Male,Undergraduate,7.6,6.5,5,1.5,4.8,2,7,9,3.23,TRUE,TRUE
2713,21,Female,Undergraduate,9.8,2.8,1.7,2.8,4.4,3,6,6,3.93,FALSE,FALSE
2714,17,Female,Undergraduate,7.8,8.9,5.9,2.4,2.4,1,8,7,3.25,TRUE,TRUE
2715,22,Female,Undergraduate,7.3,1.7,1.5,3.2,1,3,5,5,4,FALSE,FALSE
2716,14,Female,Undergraduate,7.9,9.5,3.8,6.5,5.8,0,8,8,3.29,FALSE,TRUE
2717,24,Male,Undergraduate,8.7,3.7,4,2.3,0,4,7,6,3.24,FALSE,TRUE
2718,21,Male,Undergraduate,5.7,8.9,5.2,1.4,4,1,7,6,2.93,TRUE,TRUE
2719,21,Female,High School,6.7,5.6,2,4.7,3.9,3,6,6,3.34,FALSE,FALSE
2720,19,Non-binary,High School,7.1,6.3,5,3.9,0.7,0,10,10,2.69,FALSE,TRUE
2721,23,Male,High School,7,5.8,1.5,2.9,2,1,9,8,3.17,TRUE,TRUE
2722,22,Female,Undergraduate,9.6,4.3,4,3.5,5.5,0,5,7,3.72,FALSE,FALSE
2723,19,Male,Undergraduate,8.8,4.6,2.4,5.8,1.2,0,5,6,3.59,TRUE,FALSE
2724,19,Male,High School,6.3,11.1,7,3.3,4.4,2,9,8,2.84,FALSE,TRUE
2725,17,Female,Undergraduate,9.1,3.9,2.6,3,0.7,4,6,5,2.86,FALSE,FALSE
2726,17,Female,Undergraduate,9,7.7,2.9,1.7,2.8,3,7,8,3.52,TRUE,TRUE
2727,18,Female,Undergraduate,7.7,5,2,3.4,2.1,1,5,4,3.32,TRUE,FALSE
2728,22,Female,High School,5.9,8.5,4.8,2.1,4.6,5,6,4,3.4,FALSE,FALSE
2729,16,Female,Undergraduate,8.5,6.6,3.8,2.5,2.4,2,5,6,3.35,FALSE,FALSE
2730,21,Male,Undergraduate,7.7,8,4.7,3.5,4.2,2,9,10,3.43,FALSE,TRUE
2731,18,Male,Graduate,7.3,7.5,5.2,3.9,0,2,10,9,2.66,TRUE,TRUE
2732,16,Male,Graduate,7.4,4.8,1.1,3.2,4,2,7,6,2.87,FALSE,TRUE
2733,21,Female,High School,8.1,5.6,4.3,5.7,3,0,6,8,3.36,FALSE,FALSE
2734,18,Female,Undergraduate,6.6,6.1,2.8,3.7,0.6,1,8,10,3.38,FALSE,TRUE
2735,17,Male,Undergraduate,8.2,5.5,3,2.4,1.3,1,9,10,3.24,FALSE,TRUE
2736,20,Male,Undergraduate,6.7,4.4,3.9,4.4,3.2,3,8,6,3.7,FALSE,TRUE
2737,17,Male,Undergraduate,5.8,9.2,4.5,4.8,1.5,2,9,7,2.62,FALSE,TRUE
2738,21,Female,Undergraduate,7.8,7.6,5.5,2.3,1.2,1,10,9,3.19,TRUE,TRUE
2739,17,Female,High School,5.9,5.7,2,4.6,7.3,0,5,6,3.69,FALSE,FALSE
2740,17,Female,Undergraduate,8.5,4.2,3.4,2.9,3.6,1,7,8,3.59,TRUE,TRUE
2741,16,Female,High School,7.9,6.1,3.5,3.3,6.3,1,5,5,3.24,TRUE,FALSE
2742,21,Male,High School,7.3,3.3,1.7,2,1.8,0,7,7,3.46,TRUE,TRUE
2743,14,Female,Undergraduate,7.5,7.5,4.1,0,3,2,7,6,3.33,FALSE,TRUE
2744,21,Male,Graduate,7.4,5.5,2.5,4.6,0.4,1,7,9,3.05,TRUE,TRUE
2745,21,Female,Undergraduate,7.3,5.4,1.3,2.2,7,0,5,5,3.19,FALSE,FALSE
2746,17,Male,Undergraduate,6.4,9.1,7,3.5,1.4,3,10,10,2.94,FALSE,TRUE
2747,15,Male,High School,6.7,5.3,3.5,3.7,4.8,0,5,3,3.56,TRUE,FALSE
2748,15,Male,Undergraduate,7,10.1,4.6,4.4,3.4,1,9,10,2.96,FALSE,TRUE
2749,20,Male,Undergraduate,7.6,4.3,3.4,1.8,7.9,3,5,4,3.62,FALSE,FALSE
2750,20,Male,Undergraduate,6.7,4.4,1.6,2.4,5.6,0,6,8,3.68,TRUE,FALSE
2751,19,Male,Undergraduate,7.7,5.8,2.7,3.7,3.4,1,7,6,4,FALSE,TRUE
2752,23,Female,High School,8.3,6.5,3.5,4.5,2.3,2,7,6,3.63,FALSE,TRUE
2753,16,Female,Undergraduate,6,4.7,4.5,4.1,6.6,1,8,6,3.12,FALSE,TRUE
2754,20,Female,Graduate,6.8,9.9,4.6,1.8,0,0,7,7,2.85,TRUE,TRUE
2755,17,Female,Graduate,7.8,7.3,4.1,4,2.4,2,6,5,3.14,TRUE,FALSE
2756,18,Female,High School,7.3,4.4,2.3,2.7,5.6,4,6,5,3.06,FALSE,FALSE
2757,19,Male,Undergraduate,7.1,5.4,3.8,4.3,2.2,1,6,5,3.35,FALSE,FALSE
2758,14,Male,Undergraduate,8.1,7.2,4.2,3.7,2.5,3,7,6,3.13,TRUE,TRUE
2759,14,Female,Graduate,7.2,6,1.4,2.2,6.2,0,7,9,3.79,FALSE,TRUE
2760,21,Female,High School,8.7,4.6,1.8,5.3,9.5,2,4,6,3.84,FALSE,FALSE
2761,20,Female,Undergraduate,5.8,8.7,5.2,3.9,2.6,1,10,8,3.38,FALSE,TRUE
2762,18,Female,Graduate,5.4,10.5,6.7,3.9,0.6,1,9,10,2.68,TRUE,TRUE
2763,18,Male,Undergraduate,8.4,6.4,4.3,3.3,3.5,2,7,7,3.29,TRUE,TRUE
2764,14,Male,Undergraduate,6.8,7.4,3.8,3.7,4.2,0,7,6,3.36,TRUE,TRUE
2765,20,Female,High School,7.2,9.2,5.4,2.9,3.2,2,9,10,3.15,TRUE,TRUE
2766,17,Male,High School,6.7,4.9,2.5,6,2,3,8,9,2.17,TRUE,TRUE
2767,17,Female,Graduate,6.8,10.4,5.3,2.7,3.9,2,7,8,2.61,FALSE,TRUE
2768,16,Female,High School,7.7,3.9,3.5,2.9,2.3,6,8,7,3.3,FALSE,TRUE
2769,19,Male,Graduate,6.9,7.5,5,2.9,0.7,1,7,7,2.96,FALSE,TRUE
2770,18,Female,Undergraduate,6.6,4.9,2.4,5.5,2.8,2,8,8,2.77,TRUE,TRUE
2771,15,Female,Undergraduate,8.8,3.9,3.7,2.9,4.2,2,5,4,3.63,TRUE,FALSE
2772,25,Male,Undergraduate,7.1,5.1,2.7,4.8,6.3,1,6,4,3.45,FALSE,FALSE
2773,20,Female,Undergraduate,7,5.6,2,3,7.2,0,6,4,3.35,TRUE,FALSE
2774,23,Male,Undergraduate,8,5.2,3.3,4,3.3,4,6,7,3.4,FALSE,FALSE
2775,16,Male,Graduate,7.2,8.6,5,5.9,1.8,2,10,9,2.67,FALSE,TRUE
2776,23,Female,Undergraduate,8.5,6.6,4.4,2.1,3.8,2,5,3,3.42,TRUE,FALSE
2777,17,Male,Undergraduate,7.3,8,3.3,4.6,4.7,2,7,9,3.51,FALSE,TRUE
2778,15,Female,Graduate,6.7,8,3,1.1,0,2,10,10,2.74,TRUE,TRUE
2779,22,Male,High School,5.9,6.2,3.9,2.6,2.8,1,9,10,2.91,TRUE,TRUE
2780,22,Female,Undergraduate,6.9,3.8,0.6,2.8,2.4,2,8,10,3.12,FALSE,TRUE
2781,17,Male,High School,6.7,8.3,4.1,3.1,5.3,2,10,8,2.83,FALSE,TRUE
2782,20,Prefer not to say,Undergraduate,8,4.6,1.4,2.4,3.9,5,7,7,3.05,FALSE,TRUE
2783,18,Male,High School,6.8,9.9,4.8,3.7,3.6,2,9,10,3.03,FALSE,TRUE
2784,23,Male,Undergraduate,8.3,8.7,5.2,2.7,7.9,2,5,5,3.48,FALSE,FALSE
2785,19,Female,High School,7.2,6.5,4.6,2.8,2,1,8,10,2.76,TRUE,TRUE
2786,17,Male,Graduate,7.2,1.3,0,2.7,2.1,1,8,8,3.29,FALSE,TRUE
2787,23,Female,Graduate,7.1,7.2,4.4,2.6,4.4,2,8,7,3.1,TRUE,TRUE
2788,20,Female,Undergraduate,5.6,10.9,4.8,3.5,1.6,2,10,8,2.95,FALSE,TRUE
2789,23,Female,High School,9.2,6,1.6,3.1,3.7,6,6,5,3.51,FALSE,FALSE
2790,23,Male,Undergraduate,8.3,5.1,2.6,3.8,7.9,3,4,4,3.47,FALSE,FALSE
2791,15,Male,High School,6.6,6.5,4.4,4.1,6.6,2,6,4,3.07,TRUE,FALSE
2792,22,Male,Undergraduate,6,7.6,4.9,3.2,1,0,9,7,3.05,TRUE,TRUE
2793,20,Female,Undergraduate,6.1,8.5,5.4,2.2,0,1,10,10,2.7,TRUE,TRUE
2794,19,Male,High School,7.6,6,3.8,2.2,0,2,10,9,2.86,TRUE,TRUE
2795,15,Female,Undergraduate,7.7,4.7,3.8,2.7,4.2,2,7,9,3.09,FALSE,TRUE
2796,18,Male,High School,6.2,10.6,7,6.2,1.5,2,10,8,3.14,TRUE,TRUE
2797,19,Female,Undergraduate,7.6,2.7,3.6,1.3,2.9,1,6,8,3.54,TRUE,FALSE
2798,21,Male,High School,6.2,8.7,3.3,2.7,2.3,4,9,8,3.01,FALSE,TRUE
2799,18,Male,High School,5.9,7.9,4.6,2.4,3.3,5,9,10,2.94,FALSE,TRUE
2800,21,Male,Undergraduate,7.2,8.4,6.6,1.5,1.4,1,9,7,3.08,TRUE,TRUE
2801,24,Male,Undergraduate,8.1,5,3.5,2.6,1.8,0,8,9,2.58,FALSE,TRUE
2802,15,Female,Undergraduate,7.9,4.3,2.7,3.4,9.3,1,6,7,3.08,FALSE,FALSE
2803,19,Prefer not to say,Undergraduate,8.2,6.8,2.1,5.2,3.1,0,8,8,3.22,TRUE,TRUE
2804,17,Female,High School,8.4,4.6,0.5,2.3,3.7,1,4,5,3.77,TRUE,FALSE
2805,19,Female,Undergraduate,7.2,4.4,1.7,5.8,3,0,7,9,3.01,FALSE,TRUE
2806,18,Male,Undergraduate,7.8,5.3,4,1.1,5,0,5,6,3.78,FALSE,FALSE
2807,21,Female,High School,6.3,6.4,3.3,3.7,6.9,1,7,7,3.51,FALSE,TRUE
2808,16,Female,High School,6.7,8.1,3.8,1.9,0,1,7,6,2.99,FALSE,TRUE
2809,20,Female,High School,8.6,4.1,0.5,3.7,1.3,1,7,5,3.77,FALSE,TRUE
2810,23,Female,High School,5.9,10.5,5.9,6.4,4.3,3,9,8,3.08,TRUE,TRUE
2811,20,Female,High School,8.7,1,1,2.8,6.6,4,4,4,3.45,FALSE,FALSE
2812,24,Female,Undergraduate,7.2,8.1,6.4,3.6,0,0,10,10,2.99,TRUE,TRUE
2813,22,Female,Undergraduate,7.1,8.9,4,3.7,1.9,2,10,8,3.65,FALSE,TRUE
2814,18,Male,Graduate,6.6,9.3,4.6,3.1,3.6,3,9,10,3.26,FALSE,TRUE
2815,18,Male,Undergraduate,8.5,6,1.9,6.5,1.9,3,6,5,3.6,TRUE,FALSE
2816,24,Female,High School,8,5.6,2,3.4,7,1,7,5,3.52,FALSE,TRUE
2817,17,Female,High School,5.5,10.6,6.7,3.2,5.1,1,10,10,2.67,FALSE,TRUE
2818,14,Male,Undergraduate,10.9,2.4,0.9,2.2,7.4,1,2,1,4,FALSE,FALSE
2819,20,Male,High School,7,5.2,5.2,1.9,4.3,1,6,5,3,TRUE,FALSE
2820,18,Female,High School,8.9,4.3,1.2,4.9,10.8,1,6,8,4,TRUE,FALSE
2821,16,Male,Undergraduate,7,8.6,6,5.7,4.7,0,9,7,3.02,FALSE,TRUE
2822,16,Male,High School,9.2,6.5,5.6,5.6,3.4,4,7,5,3.47,TRUE,TRUE
2823,23,Female,Undergraduate,7.8,3.1,1.8,3.9,7.4,1,5,7,3.37,FALSE,FALSE
2824,22,Male,Graduate,8.2,4.7,3.2,2.3,3.1,2,8,7,3.41,FALSE,TRUE
2825,20,Female,High School,8.5,5.6,3.6,1.8,1.9,1,8,8,3.62,TRUE,TRUE
2826,26,Male,Graduate,8.2,7.7,4.4,3.4,1.6,2,9,7,2.78,FALSE,TRUE
2827,16,Female,Undergraduate,8.1,3.3,0.7,4.1,2.4,1,5,7,3.79,TRUE,FALSE
2828,18,Female,High School,6.9,10.4,6.5,3,0.9,4,10,10,2.64,TRUE,TRUE
2829,15,Male,Undergraduate,6.8,7.1,4,1.8,3,2,9,10,2.78,FALSE,TRUE
2830,21,Male,Undergraduate,6.8,7.8,5.5,2.4,4.2,0,9,9,2.96,FALSE,TRUE
2831,23,Male,High School,6.6,7.2,5.6,4.1,4.8,2,7,8,2.72,FALSE,TRUE
2832,14,Male,Undergraduate,5.9,8.2,3.3,3.6,2.7,0,9,10,2.82,TRUE,TRUE
2833,22,Female,Graduate,8.1,2.1,1.6,5,0,5,5,5,3.51,FALSE,FALSE
2834,20,Male,Graduate,6.6,9.8,7.4,5.3,4.4,2,9,10,2.97,TRUE,TRUE
2835,19,Female,Undergraduate,7.1,9.3,4.3,7,3.7,0,9,9,3.42,FALSE,TRUE
2836,16,Male,High School,6.4,7.6,4.4,2.6,0.3,3,8,10,3.29,FALSE,TRUE
2837,18,Female,Graduate,6.8,10.8,6.3,4.5,2,1,8,6,3.61,FALSE,TRUE
2838,22,Non-binary,High School,9.4,4.4,3.4,1.8,4.7,1,6,8,3.88,TRUE,FALSE
2839,27,Female,Undergraduate,8.8,4.5,2.7,3.7,5.3,0,7,7,3.4,FALSE,TRUE
2840,21,Female,Undergraduate,8.2,6.2,3.7,3.2,0,0,8,10,2.66,FALSE,TRUE
2841,23,Non-binary,Graduate,8,4.9,1.6,3.2,6.6,4,6,5,3.79,TRUE,FALSE
2842,24,Non-binary,Graduate,6.2,6.7,4.7,3.8,5.6,3,7,7,2.92,TRUE,TRUE
2843,15,Male,Undergraduate,7.4,9,4.2,1.7,4.3,2,8,8,3.01,TRUE,TRUE
2844,20,Male,Undergraduate,8.2,7.2,5.1,0.8,1.7,0,7,9,3.01,FALSE,TRUE
2845,16,Male,Graduate,5.2,7.2,5.2,2.5,6.6,3,8,8,2.29,FALSE,TRUE
2846,23,Non-binary,Undergraduate,7.2,4,1,3,1.1,2,8,8,3.34,FALSE,TRUE
2847,20,Male,High School,6.9,6.3,3.3,3.3,4.1,0,9,9,3.13,FALSE,TRUE
2848,20,Female,High School,6.3,6.2,4.3,2.3,1,2,8,10,3.08,FALSE,TRUE
2849,27,Male,High School,6.7,5.9,1.8,2.2,1.1,0,7,9,3.7,FALSE,TRUE
2850,23,Non-binary,Graduate,8,9,5.3,3.4,0,2,10,10,2.27,TRUE,TRUE
2851,21,Female,Undergraduate,7.6,7.4,2.8,4.2,4.3,1,5,7,3.86,FALSE,FALSE
2852,17,Male,High School,8.1,4.3,3.4,2.9,1.8,0,8,9,3.44,TRUE,TRUE
2853,14,Prefer not to say,Graduate,7.4,6.5,4.9,0.4,2,1,8,6,2.95,TRUE,TRUE
2854,18,Male,Undergraduate,8.2,8.6,4.6,2,4.5,1,7,9,3.23,FALSE,TRUE
2855,22,Female,High School,6.9,7.2,3.8,1.5,7.2,5,6,6,3.39,TRUE,FALSE
2856,22,Male,Undergraduate,6.4,7.2,2.1,3.7,3.5,0,7,7,3.4,TRUE,TRUE
2857,17,Prefer not to say,Undergraduate,8.8,4.6,3.7,5.4,3,3,8,7,3.06,TRUE,TRUE
2858,16,Female,Graduate,6,8.6,5.2,2.4,3.2,0,9,10,2.87,FALSE,TRUE
2859,23,Female,High School,6.3,3.9,2.7,3.1,3.9,1,6,4,3.1,TRUE,FALSE
2860,19,Male,High School,7.5,6.3,3.4,0.8,4.1,0,7,8,3.26,FALSE,TRUE
2861,22,Male,Graduate,6.2,7,4.1,5.7,6.2,2,6,4,2.96,FALSE,FALSE
2862,21,Male,Undergraduate,7.6,7.8,4,3.7,1.2,0,8,7,3.2,FALSE,TRUE
2863,17,Male,Undergraduate,7.5,6.6,2.3,1.3,0,2,8,6,3.11,FALSE,TRUE
2864,21,Non-binary,Undergraduate,7.5,6.2,5.3,6.4,1.8,1,6,8,3.36,FALSE,FALSE
2865,26,Male,Graduate,8.2,3.4,1,2.5,2.5,0,5,4,3.23,TRUE,FALSE
2866,17,Female,Undergraduate,7.5,5.9,1.8,1.9,0.1,2,9,9,2.93,FALSE,TRUE
2867,16,Male,Undergraduate,6.7,8.5,5.7,4.3,6.3,0,7,9,3.31,TRUE,TRUE
2868,19,Male,Undergraduate,7.5,7.8,4.1,2.9,5,2,8,10,3.41,FALSE,TRUE
2869,19,Male,Undergraduate,6.5,6.2,2.7,3.9,1.8,1,9,8,3.51,TRUE,TRUE
2870,18,Male,High School,7.9,8.4,3.6,6.1,2.3,3,5,6,3.26,FALSE,FALSE
2871,21,Male,Undergraduate,7,7.6,5.1,6.2,0,3,8,10,2.12,FALSE,TRUE
2872,21,Female,High School,7.1,11.3,3.2,3.4,0,0,10,10,2.77,FALSE,TRUE
2873,20,Male,High School,8.4,5.5,3.7,2.7,1.7,2,8,9,3.12,FALSE,TRUE
2874,22,Male,High School,7,6.1,3.2,1.1,1.7,3,8,6,3.49,FALSE,TRUE
2875,24,Female,Graduate,8.4,5.5,4,0.4,0.4,2,5,4,3.62,FALSE,FALSE
2876,19,Female,Undergraduate,6.6,6.6,4.7,4.6,6.4,3,9,10,3.1,FALSE,TRUE
2877,15,Female,Graduate,7.3,5,4.3,3.1,2.8,1,7,5,2.61,TRUE,TRUE
2878,20,Female,Undergraduate,5.8,6.6,5.7,2.3,1.7,1,9,10,3.03,FALSE,TRUE
2879,16,Male,Undergraduate,8.1,8.1,2.7,3.7,2,4,8,10,3.5,FALSE,TRUE
2880,24,Female,Undergraduate,7.3,10.1,3.6,2.6,3.5,2,9,7,2.94,FALSE,TRUE
2881,21,Male,High School,6.1,7.6,4.3,3.9,0.1,3,9,7,2.63,FALSE,TRUE
2882,19,Male,Undergraduate,6.3,10.2,6.3,3.2,4.7,1,7,9,2.78,TRUE,TRUE
2883,23,Male,Graduate,8.2,4.9,2.4,1.3,2.2,0,7,7,3.37,TRUE,TRUE
2884,21,Male,Graduate,6.8,9.4,2.5,2.1,4.4,5,7,7,3.47,TRUE,TRUE
2885,24,Male,High School,6.7,6.3,3.3,4.1,2,0,8,7,3.17,FALSE,TRUE
2886,19,Male,Undergraduate,9.2,2,1.7,2.2,5.1,1,4,4,3.92,FALSE,FALSE
2887,15,Female,High School,9.9,1.8,0,2.1,6,3,3,4,3.57,FALSE,FALSE
2888,18,Female,Undergraduate,8.6,6.6,3.4,5.4,4.2,0,8,10,3.74,TRUE,TRUE
2889,17,Non-binary,High School,8.6,3.2,1,3.3,0.8,2,8,9,3.31,FALSE,TRUE
2890,22,Prefer not to say,Undergraduate,7.6,6.5,2,4.4,0,1,7,5,3.29,FALSE,TRUE
2891,19,Female,High School,6,6.9,2.7,4.9,0,4,9,8,2.84,FALSE,TRUE
2892,19,Male,Undergraduate,6.5,6.6,3.8,3.9,4.3,1,7,8,3.2,TRUE,TRUE
2893,16,Male,Graduate,7.4,5.2,3.6,2.1,0,2,6,6,3.66,FALSE,FALSE
2894,26,Female,Undergraduate,7.2,11.8,6.4,3.8,3.4,3,8,10,2.91,FALSE,TRUE
2895,20,Male,High School,7.3,7.1,3.1,6.6,3.3,2,7,7,3.24,TRUE,TRUE
2896,18,Male,High School,5.8,8,4.4,2.5,3.1,3,8,10,3.23,FALSE,TRUE
2897,19,Female,Undergraduate,6,8.4,5.2,4.7,1.5,0,9,9,2.94,FALSE,TRUE
2898,15,Male,Graduate,9.3,3.2,1.2,4.7,1,2,6,6,3.02,FALSE,FALSE
2899,18,Prefer not to say,Undergraduate,6.7,8.3,5.4,2.2,5.5,1,5,4,3.05,TRUE,FALSE
2900,19,Male,Undergraduate,5.9,8.2,4,0.9,2.9,2,9,10,3.17,TRUE,TRUE
2901,20,Female,Undergraduate,7.4,5.4,3.5,3,5.8,1,5,7,3.63,FALSE,FALSE
2902,22,Female,Undergraduate,6.7,7.5,2.3,1.4,3.9,4,8,8,3.29,TRUE,TRUE
2903,21,Male,Graduate,6.6,7.5,5.9,0,3,2,9,9,2.74,FALSE,TRUE
2904,19,Male,Undergraduate,8.2,8.2,5.5,2.2,2.3,3,3,3,3.7,FALSE,FALSE
2905,19,Female,High School,8.2,9.4,4.6,3.3,2,2,8,6,2.89,FALSE,TRUE
2906,19,Male,Undergraduate,6.2,7.8,4.9,5.6,3.1,0,10,8,2.53,FALSE,TRUE
2907,19,Female,Undergraduate,7,5.1,3.5,1.6,3,0,7,7,2.96,TRUE,TRUE
2908,20,Female,Undergraduate,6,5.5,1.5,3,4.5,1,8,6,2.33,FALSE,TRUE
2909,20,Male,Undergraduate,7.6,6.2,3.9,4.1,3.1,2,7,8,3.49,FALSE,TRUE
2910,16,Female,Undergraduate,9.1,4.9,1.4,0.9,7.2,2,7,6,3.43,FALSE,TRUE
2911,18,Male,High School,8.3,4.4,2.6,3.1,6.4,4,5,6,3.58,FALSE,FALSE
2912,23,Female,Undergraduate,8.2,6.5,2.3,2.8,3.1,1,7,7,3.2,FALSE,TRUE
2913,21,Female,High School,9,3.2,0,0.7,2.8,2,4,5,4,FALSE,FALSE
2914,20,Male,Undergraduate,7.7,5.1,2,2.3,3.2,3,6,7,3.31,FALSE,FALSE
2915,17,Prefer not to say,Undergraduate,7.7,6.9,3.2,1.3,0,5,8,8,2.58,FALSE,TRUE
2916,16,Female,High School,6.7,8.6,5.6,3.7,3.8,2,7,8,2.7,FALSE,TRUE
2917,19,Female,Undergraduate,7.1,6.4,2.2,3,0.4,1,10,10,3,TRUE,TRUE
2918,15,Female,High School,8.8,3.6,1.8,3.2,0.1,1,6,8,3.75,FALSE,FALSE
2919,17,Male,Undergraduate,8.2,6.4,3.1,3,3.8,1,7,8,3.97,TRUE,TRUE
2920,17,Male,Undergraduate,7.6,5.3,4.3,2.6,5.3,4,5,4,3.92,TRUE,FALSE
2921,19,Female,Undergraduate,7.3,6.6,2.5,3.4,2.9,4,4,2,3.73,FALSE,FALSE
2922,24,Female,High School,7.1,8.6,5.1,3.5,9.9,0,7,8,2.74,FALSE,TRUE
2923,17,Male,Undergraduate,7.8,6.3,4.6,2.2,4.3,0,7,5,3.26,TRUE,TRUE
2924,17,Female,Undergraduate,6.8,6.9,3.4,3.9,3.9,3,9,8,2.94,TRUE,TRUE
2925,19,Male,Undergraduate,5.8,8.2,4.9,1.1,3.1,0,9,10,2.3,FALSE,TRUE
2926,15,Male,High School,5.8,8.6,4.1,3.7,2.5,2,9,7,3.18,FALSE,TRUE
2927,18,Male,Graduate,7.5,5.2,3.1,5.1,3.4,4,7,8,3.26,FALSE,TRUE
2928,14,Female,High School,7.6,7.6,5.5,3.3,6.5,2,6,7,3.19,TRUE,FALSE
2929,19,Male,High School,7.4,6.3,4.9,1.1,2.4,4,8,7,3.02,TRUE,TRUE
2930,20,Male,High School,7.1,5.5,3.4,2.7,1.7,2,7,5,3.45,FALSE,TRUE
2931,21,Male,Undergraduate,8.7,1.8,0.3,3.1,0,2,5,3,3.64,TRUE,FALSE
2932,22,Male,High School,5.5,9.5,4.7,0.5,5.6,3,8,6,2.6,FALSE,TRUE
2933,17,Female,High School,5.2,12.7,6.9,3.9,6.9,4,9,9,3.03,TRUE,TRUE
2934,15,Male,Undergraduate,8.8,5,4.5,4.8,7.7,5,4,5,3.21,FALSE,FALSE
2935,19,Female,High School,8.2,7.6,3.9,4.7,3.3,2,8,9,3.25,FALSE,TRUE
2936,22,Female,Graduate,9.4,5.6,3.4,1.4,2.5,1,7,9,3.98,TRUE,TRUE
2937,20,Male,Undergraduate,7.2,8.2,6.5,3.9,5.9,3,6,5,3.04,FALSE,FALSE
2938,14,Prefer not to say,Graduate,7.3,6.6,2.9,5.7,3.2,1,9,8,2.72,FALSE,TRUE
2939,18,Male,Undergraduate,6.3,9.7,6.2,2.3,1.1,4,10,10,3.03,TRUE,TRUE
2940,19,Prefer not to say,High School,7.1,7.1,3.4,4.4,5.4,0,7,5,3.22,FALSE,TRUE
2941,23,Male,Undergraduate,8,2,0.1,2.1,0,2,8,9,2.58,FALSE,TRUE
2942,26,Female,Undergraduate,8.8,1.4,0.6,4.4,7.8,1,6,4,3.76,FALSE,FALSE
2943,20,Female,Undergraduate,7.7,5.9,3.8,1.8,0,3,8,6,3.19,TRUE,TRUE
2944,19,Female,Undergraduate,8.1,1.4,0,3.4,5.8,1,4,4,3.57,TRUE,FALSE
2945,20,Prefer not to say,High School,7.1,6.8,4.9,4.4,0,1,10,9,3.31,FALSE,TRUE
2946,22,Male,Graduate,7.1,6.8,4.8,3.8,3.7,3,8,8,2.85,TRUE,TRUE
2947,17,Male,Undergraduate,7.5,4.3,2.9,3.2,0,1,9,7,3.31,FALSE,TRUE
2948,18,Male,Undergraduate,7.6,7.8,3.7,3.6,2.6,1,9,7,3.55,FALSE,TRUE
2949,19,Non-binary,Graduate,6,7.1,4.7,3.9,4,2,9,9,3.06,TRUE,TRUE
2950,20,Female,Undergraduate,6.2,6.9,4.8,2.1,1.7,1,9,10,3.22,FALSE,TRUE
2951,20,Female,Undergraduate,5.1,8.8,4.4,0.6,3.9,1,8,8,3.76,FALSE,TRUE
2952,19,Male,Graduate,5.9,7.3,3.6,1.4,6.1,3,10,9,2.84,FALSE,TRUE
2953,21,Female,High School,10.1,4.3,1.9,3,2.3,0,5,7,3.65,TRUE,FALSE
2954,19,Male,High School,9.1,5.8,2.6,5.4,3.4,1,5,4,3.1,FALSE,FALSE
2955,20,Male,High School,7.4,4.9,3.2,0.9,7.8,3,5,4,3.39,FALSE,FALSE
2956,22,Female,High School,8.5,1.3,1.7,1.4,3.3,3,5,7,3.61,FALSE,FALSE
2957,18,Male,High School,6.3,8.7,5.6,5.6,4.7,1,10,10,2.65,FALSE,TRUE
2958,21,Male,Undergraduate,6.2,9.2,5.5,3.2,2,2,9,10,3.15,FALSE,TRUE
2959,20,Female,Undergraduate,8.2,7.6,3.5,2,7.5,1,7,6,3.34,FALSE,TRUE
2960,27,Male,High School,8.2,4.9,2.7,3,3.3,2,5,5,3.49,FALSE,FALSE
2961,21,Female,Undergraduate,7.2,4.9,3.9,2.4,2.6,1,5,4,3.14,FALSE,FALSE
2962,19,Male,Undergraduate,7.2,7.4,5.6,2.6,2.4,2,9,9,2.85,FALSE,TRUE
2963,20,Male,High School,9.5,5.4,2,3.6,0.6,4,4,4,3.94,FALSE,FALSE
2964,20,Female,High School,6.9,8.8,5,2.9,0,2,9,9,2.59,TRUE,TRUE
2965,22,Male,Undergraduate,7.5,10.8,8.1,4,0,3,9,10,3.01,FALSE,TRUE
2966,28,Female,Undergraduate,8,5.8,2.8,2.1,2.8,1,5,3,4,FALSE,FALSE
2967,16,Male,High School,7.1,10.1,6,4,1.1,0,10,8,2.7,TRUE,TRUE
2968,20,Female,Undergraduate,5.9,8.8,6.6,2.8,5,5,8,9,2.58,FALSE,TRUE
2969,17,Prefer not to say,High School,8.6,5.7,3.9,5.3,4.3,3,7,8,3.22,TRUE,TRUE
2970,21,Female,Undergraduate,7,5.1,3.6,4.7,0,2,7,8,3.3,TRUE,TRUE
2971,21,Female,High School,8.3,7.6,3.7,4.3,5.6,2,6,8,3.68,FALSE,FALSE
2972,22,Female,Undergraduate,7.4,6.3,3.2,3.3,4.5,4,8,6,3.34,FALSE,TRUE
2973,21,Female,Undergraduate,5.8,6.9,2.4,2.5,3.2,5,8,7,3.2,FALSE,TRUE
2974,20,Male,Undergraduate,6.4,10.1,6.7,2.1,7.8,2,9,9,3.23,TRUE,TRUE
2975,16,Female,High School,8.9,5,2.7,2.2,4.4,3,5,6,4,FALSE,FALSE
2976,22,Male,High School,7.5,4.7,2.3,4.1,4.7,3,6,4,3.48,FALSE,FALSE
2977,17,Male,Graduate,8.8,7,4.5,2.8,2.2,2,7,8,3.44,TRUE,TRUE
2978,18,Male,High School,7.7,6,3.5,4.5,4.3,2,7,6,3.29,FALSE,TRUE
2979,18,Female,Undergraduate,9.2,6.8,2.6,3.4,1.5,8,6,5,4,FALSE,FALSE
2980,21,Female,Undergraduate,7.1,6.6,3.4,2.5,4.7,0,6,6,3.24,FALSE,FALSE
2981,19,Male,High School,8.2,4.4,3.9,3,4.2,2,4,4,2.85,TRUE,FALSE
2982,21,Female,High School,7.8,5,2.4,3.2,5.4,3,5,7,3.53,TRUE,FALSE
2983,19,Male,High School,7.7,6.1,3,3,2.9,2,9,10,3.32,FALSE,TRUE
2984,23,Male,Undergraduate,7.5,5.6,1.3,1.6,3.6,1,9,9,3.33,FALSE,TRUE
2985,22,Female,Graduate,7.1,6.1,3.5,2.8,2.8,2,8,10,2.86,FALSE,TRUE
2986,20,Female,Graduate,7.3,6.8,3.9,3.3,1.8,3,7,7,2.66,FALSE,TRUE
2987,19,Non-binary,High School,7.3,6.2,4.6,2.3,5.7,0,8,6,3.13,FALSE,TRUE
2988,17,Male,Undergraduate,7.5,4.3,2.8,3.2,1.9,3,5,5,3.43,FALSE,FALSE
2989,23,Female,Undergraduate,7.5,6.2,3.3,3.6,5.8,2,6,4,3.06,FALSE,FALSE
2990,19,Female,High School,7.5,9.3,6.1,4,3.7,3,8,10,2.87,TRUE,TRUE
2991,24,Female,Undergraduate,6.1,11.5,6.6,3.2,5.5,1,8,10,2.42,FALSE,TRUE
2992,27,Male,Undergraduate,7.1,9.6,5.4,2,0,1,9,9,2.83,FALSE,TRUE
2993,21,Male,Graduate,8.2,3,3.2,1.9,4,1,6,4,3.19,TRUE,FALSE
2994,14,Male,High School,9.2,4,2.4,4.6,7.5,2,6,8,3.39,TRUE,FALSE
2995,22,Male,Undergraduate,8.2,3.3,1.8,4,0.9,0,7,5,3.7,FALSE,TRUE
2996,23,Non-binary,High School,6.4,9.3,5.5,1.8,2.2,2,8,10,3.58,TRUE,TRUE
2997,23,Male,Undergraduate,6.9,9.1,4.4,2.5,2.8,1,6,5,3.19,TRUE,FALSE
2998,18,Male,Graduate,6.9,7.2,5.9,5.1,4.1,1,9,10,2.47,FALSE,TRUE
2999,22,Male,Undergraduate,7,11.3,5.4,2,2.2,0,9,10,2.89,TRUE,TRUE
3000,18,Female,Undergraduate,6.9,5.7,4.6,7.5,4.6,2,8,9,2.81,FALSE,TRUE
